county,product_category,year,month,day,hour,total_quantity_purchased,amount_in_gbp
Bassetlaw,meat & fish,381187857,1222487,2741210,2175608,22131675.0,51618253.95
Bassetlaw,dairy,364999753,1170291,2628819,2087296,21145312.0,29768985.03
Bassetlaw,fruits & vegetables,362745469,1163851,2611851,2073545,21081321.0,18492564.67
Bassetlaw,clothing,346196766,1110678,2495927,1974811,20110994.0,1512786338.86
Bassetlaw,bakery,255072351,819047,1832688,1455557,14837881.0,18229118.94
Bassetlaw,gaming,254718500,817667,1829912,1452784,14785696.0,974066515.44
Bassetlaw,appliances,127930566,409569,921668,728885,7433079.0,1936373708.8
Bassetlaw,computing,109088488,349264,784573,623594,6348212.0,9294373038.0
Lincoln,meat & fish,384577839,1243834,2794882,2179963,22343155.0,52144243.57
Lincoln,fruits & vegetables,368171744,1189710,2672156,2082778,21338301.0,18762504.38
Lincoln,dairy,367160662,1184804,2667035,2085162,21305858.0,29994297.01
Lincoln,clothing,348581929,1127568,2537293,1974300,20211555.0,1526306647.58
Lincoln,bakery,256488813,830165,1862619,1459532,14885553.0,18291960.16
Lincoln,gaming,256200962,828855,1857891,1451590,14827856.0,981694590.1
Lincoln,appliances,128927884,418365,936356,733018,7490760.0,1950437338.2
Lincoln,computing,109359974,353900,794237,622106,6333896.0,9258739890.0
South Northamptonshire,meat & fish,385157615,1250680,2821459,2180715,22359737.0,52150560.38
South Northamptonshire,fruits & vegetables,365227353,1183322,2676947,2067464,21209273.0,18611959.7
South Northamptonshire,dairy,364363405,1178918,2668832,2058095,21156432.0,29843477.39
South Northamptonshire,clothing,348186919,1129599,2553950,1964407,20216828.0,1526388077.5
South Northamptonshire,bakery,257161026,831983,1877428,1453805,14931421.0,18370366.89
South Northamptonshire,gaming,256930580,831922,1887454,1449383,14880371.0,980307461.28
South Northamptonshire,appliances,127742273,413334,935286,720924,7406904.0,1932259759.6
South Northamptonshire,computing,109483470,355472,802549,623946,6322911.0,9263645027.0
East Lindsey,meat & fish,350718884,1131696,2507209,2001613,20341219.0,47818641.87
East Lindsey,fruits & vegetables,335824983,1084613,2406714,1905171,19496511.0,17280740.0
East Lindsey,dairy,332764113,1072690,2376656,1892148,19331847.0,27545155.78
East Lindsey,clothing,315914685,1019702,2261820,1792698,18344016.0,1405661042.68
East Lindsey,bakery,233468554,752738,1670056,1325000,13573229.0,16853177.66
East Lindsey,gaming,233353858,750988,1670299,1326351,13536610.0,906617392.5
East Lindsey,appliances,116788889,375703,836039,664166,6766310.0,1786022042.4
East Lindsey,computing,100940913,327500,723653,575232,5844140.0,8649656759.0
Hinckley and Bosworth,meat & fish,341332127,1100162,2431263,1929495,19850694.0,46871974.41
Hinckley and Bosworth,fruits & vegetables,324313957,1045443,2309733,1835205,18849309.0,16774842.02
Hinckley and Bosworth,dairy,324715119,1049731,2314311,1837601,18829959.0,26796008.72
Hinckley and Bosworth,clothing,308851348,996203,2205162,1748215,17933067.0,1375901822.22
Hinckley and Bosworth,gaming,227496057,732905,1621560,1289022,13197498.0,879894463.96
Hinckley and Bosworth,bakery,226633537,727987,1616271,1280262,13153044.0,16363611.38
Hinckley and Bosworth,appliances,113021905,363504,804133,640581,6545344.0,1719012247.6
Hinckley and Bosworth,computing,96832905,312572,689200,550334,5626954.0,8322728875.0
Nottinghamshire,meat & fish,346378077,1119446,2509933,1975052,20111490.0,47395375.28
Nottinghamshire,dairy,330873246,1070647,2398334,1891957,19253171.0,27433877.27
Nottinghamshire,fruits & vegetables,330579284,1067840,2396157,1888665,19167276.0,17077464.62
Nottinghamshire,clothing,313452963,1011128,2265917,1794983,18169867.0,1386567463.42
Nottinghamshire,bakery,232043507,750578,1676290,1327164,13489399.0,16805674.69
Nottinghamshire,gaming,230690992,746242,1670772,1317876,13391679.0,882848620.42
Nottinghamshire,appliances,115782172,374102,841667,662488,6746347.0,1771770308.8
Nottinghamshire,computing,99308984,321922,723054,565099,5761047.0,8513959190.0
Lincolnshire,meat & fish,310438172,1008601,2222642,1756949,18005265.0,42951098.52
Lincolnshire,fruits & vegetables,296335447,966193,2123942,1679541,17182304.0,15466602.46
Lincolnshire,dairy,294992584,960311,2108385,1672056,17077103.0,24596183.32
Lincolnshire,clothing,282596243,921671,2020779,1599618,16389476.0,1272066108.24
Lincolnshire,gaming,207582689,677999,1481083,1173122,12035110.0,810854623.14
Lincolnshire,bakery,206934035,676264,1479952,1173326,11955666.0,14985126.46
Lincolnshire,appliances,104133796,339942,744763,591117,6029903.0,1598198416.8
Lincolnshire,computing,88346517,287848,635529,503279,5125099.0,7667570004.0
Newark and Sherwood,meat & fish,314737278,1013556,2237322,1800000,18218353.0,43481791.96
Newark and Sherwood,fruits & vegetables,301772529,971900,2145708,1723644,17515750.0,15728026.77
Newark and Sherwood,dairy,300283260,966135,2123904,1715560,17430165.0,25091096.51
Newark and Sherwood,clothing,285883389,917867,2027600,1639588,16653540.0,1290099710.22
Newark and Sherwood,gaming,211080490,680204,1497800,1209708,12242028.0,821699287.22
Newark and Sherwood,bakery,210355312,677134,1488045,1203992,12185634.0,15307951.82
Newark and Sherwood,appliances,105426644,338784,745520,602583,6115230.0,1623142866.4
Newark and Sherwood,computing,91180004,292928,645460,520491,5279932.0,7901566231.0
Rushcliffe,meat & fish,314367246,1018648,2253908,1798558,18241968.0,43453247.99
Rushcliffe,fruits & vegetables,299751709,968802,2153131,1709616,17383638.0,15629742.78
Rushcliffe,dairy,298810169,967056,2145675,1712247,17366302.0,24986383.12
Rushcliffe,clothing,284886686,923929,2044212,1626859,16520684.0,1267998102.1
Rushcliffe,bakery,209918329,679270,1506072,1202522,12229791.0,15333991.95
Rushcliffe,gaming,210185094,681269,1508671,1201567,12196574.0,825467660.46
Rushcliffe,appliances,104697991,339439,753858,598869,6042277.0,1608859553.6
Rushcliffe,computing,89851460,291278,646255,511231,5184524.0,7753142256.0
Castle Point,meat & fish,379879878,1229393,2727601,2150426,22065642.0,51541457.78
Castle Point,fruits & vegetables,362334302,1172933,2596076,2052692,21043866.0,18474315.58
Castle Point,dairy,361719754,1170074,2591734,2046881,20947655.0,29552065.24
Castle Point,clothing,343529078,1113320,2462060,1948071,19962535.0,1513239289.68
Castle Point,gaming,253264054,818953,1817286,1432289,14679725.0,966051780.38
Castle Point,bakery,252984502,817278,1813644,1426852,14667309.0,18061400.92
Castle Point,appliances,126443665,410406,905656,716169,7323329.0,1918043771.8
Castle Point,computing,108742036,351983,778551,616337,6321353.0,9245324095.0
East Cambridgeshire,meat & fish,386462178,1247111,2808740,2220729,22446439.0,52304836.58
East Cambridgeshire,dairy,369296165,1192727,2679890,2120965,21418585.0,30129605.1
East Cambridgeshire,fruits & vegetables,368451166,1190980,2673930,2119427,21350530.0,18723946.99
East Cambridgeshire,clothing,350944811,1131504,2550775,2017331,20378231.0,1536952155.96
East Cambridgeshire,bakery,257828871,833287,1872234,1481306,14970981.0,18412307.61
East Cambridgeshire,gaming,258028389,831573,1868040,1480409,14961785.0,984323227.94
East Cambridgeshire,appliances,129879233,419027,938067,746547,7550881.0,1969147037.8
East Cambridgeshire,computing,110183158,356336,797984,629697,6369982.0,9300679010.0
Bedford Borough,meat & fish,343812124,1101853,2457655,1980948,19951933.0,47023611.07
Bedford Borough,fruits & vegetables,329620998,1053802,2354172,1893556,19161384.0,17021042.45
Bedford Borough,dairy,327649324,1046071,2339820,1881478,19019114.0,27098059.53
Bedford Borough,clothing,312344962,1001614,2227789,1799017,18139388.0,1393348892.22
Bedford Borough,gaming,230051036,737329,1642642,1324646,13360794.0,891735841.7
Bedford Borough,bakery,229780698,735827,1643564,1327007,13342662.0,16557877.02
Bedford Borough,appliances,115149895,369692,820851,662504,6669511.0,1754842354.6
Bedford Borough,computing,98962710,317117,707094,567586,5731700.0,8481895388.0
Norfolk,meat & fish,342925681,1102419,2477853,1950157,19940693.0,46992954.2
Norfolk,fruits & vegetables,326929672,1053783,2360665,1854069,19043222.0,16861119.48
Norfolk,dairy,327463500,1050981,2356902,1859405,19026628.0,27080998.52
Norfolk,clothing,310250867,998304,2238904,1758949,17974647.0,1387741554.52
Norfolk,bakery,229208978,738113,1655364,1302255,13298062.0,16493210.97
Norfolk,gaming,228771434,737412,1648888,1305769,13261174.0,882581085.54
Norfolk,appliances,114053385,366032,822309,647761,6604332.0,1747081101.8
Norfolk,computing,98020551,316402,705391,558420,5688970.0,8398054426.0
St. Edmundsbury,meat & fish,337816968,1083086,2414877,1941929,19612358.0,46260779.1
St. Edmundsbury,dairy,321022305,1029448,2289359,1842569,18667142.0,26607904.84
St. Edmundsbury,fruits & vegetables,321095600,1028341,2291844,1849552,18628986.0,16562810.2
St. Edmundsbury,clothing,305310674,977779,2181382,1752243,17711169.0,1352137573.84
St. Edmundsbury,bakery,225948793,720923,1616674,1296876,13082107.0,16238281.54
St. Edmundsbury,gaming,225810754,723396,1609672,1301430,13071612.0,870798442.24
St. Edmundsbury,appliances,113046898,362527,806760,648741,6540921.0,1717813462.6
St. Edmundsbury,computing,96350399,307637,689117,553829,5587540.0,8248504612.0
Bedfordshire,meat & fish,308138471,987037,2214152,1736876,17910111.0,42704261.95
Bedfordshire,fruits & vegetables,292905565,939946,2104811,1652528,16990025.0,15259299.49
Bedfordshire,dairy,293155317,938518,2106475,1649772,16976162.0,24496258.76
Bedfordshire,clothing,277686928,889404,1992554,1568992,16120326.0,1247336812.84
Bedfordshire,gaming,205846544,658820,1479851,1158051,11956795.0,803457555.46
Bedfordshire,bakery,205433464,658461,1472502,1161303,11924599.0,15032578.26
Bedfordshire,appliances,102617657,328778,737450,579787,5988274.0,1611777392.2
Bedfordshire,computing,88050352,283313,630764,496341,5123951.0,7662130372.0
Colchester,meat & fish,309789947,998826,2209127,1778977,17940283.0,42749817.11
Colchester,fruits & vegetables,295927451,955968,2101607,1698871,17215940.0,15470984.83
Colchester,dairy,294447975,950935,2089222,1684875,17073192.0,24559982.99
Colchester,clothing,280792079,904902,1999906,1604885,16293649.0,1261975170.94
Colchester,bakery,207602437,670496,1476676,1191330,12048655.0,15127922.1
Colchester,gaming,207420379,669305,1476776,1188219,12020448.0,809254090.86
Colchester,appliances,102714903,331370,732038,591414,5962734.0,1595790267.8
Colchester,computing,88415408,286576,629940,509390,5135300.0,7668255257.0
East Hertfordshire,meat & fish,305992797,973326,2222236,1745592,17779878.0,42312648.12
East Hertfordshire,dairy,290943271,926476,2112082,1652740,16894007.0,24357297.56
East Hertfordshire,fruits & vegetables,291447795,926975,2109213,1658312,16883208.0,15165453.1
East Hertfordshire,clothing,275887481,877745,2004112,1571612,16019607.0,1252704493.76
East Hertfordshire,gaming,203989952,648648,1476807,1162563,11824072.0,798892510.76
East Hertfordshire,bakery,203697774,647866,1478749,1158962,11820137.0,14800066.71
East Hertfordshire,appliances,101966912,324039,739222,578081,5923191.0,1584870883.2
East Hertfordshire,computing,87642220,278280,634816,497708,5081455.0,7609266983.0
Uttlesford,meat & fish,316059422,1012980,2314842,1792805,18319836.0,43663011.64
Uttlesford,fruits & vegetables,300909954,964302,2201161,1716060,17468488.0,15694724.16
Uttlesford,dairy,301663832,965763,2207284,1720129,17442357.0,25120793.76
Uttlesford,clothing,285707991,916049,2088471,1625621,16568212.0,1288029054.6
Uttlesford,gaming,211064519,676995,1545690,1197462,12250157.0,829605571.62
Uttlesford,bakery,210943628,675871,1542254,1204560,12223115.0,15303434.16
Uttlesford,appliances,104367842,335273,762748,596467,6057754.0,1614058135.4
Uttlesford,computing,89596925,287910,654311,508157,5199857.0,7778629193.0
Ceredigion,meat & fish,377018833,1214949,2776250,2169803,21911840.0,51117421.72
Ceredigion,fruits & vegetables,358289194,1154638,2642151,2060034,20803450.0,18319044.76
Ceredigion,dairy,358362200,1155105,2647803,2061071,20802907.0,29289226.68
Ceredigion,clothing,338227627,1092251,2498428,1949728,19659924.0,1490235979.36
Ceredigion,gaming,250146162,807949,1845276,1437636,14519494.0,958880723.82
Ceredigion,bakery,249782165,807588,1847335,1437141,14511468.0,17831782.64
Ceredigion,appliances,124625616,402848,919514,717158,7221353.0,1874514495.8
Ceredigion,computing,107187098,347029,788101,618326,6218151.0,9109198333.0
Flintshire,meat & fish,388360535,1250508,2805775,2238599,22521790.0,52598634.92
Flintshire,fruits & vegetables,368892835,1190036,2659666,2128576,21439582.0,18867056.0
Flintshire,dairy,366153668,1179822,2644409,2110082,21273324.0,30023176.58
Flintshire,clothing,349919060,1125237,2520904,2020970,20271317.0,1528617356.84
Flintshire,gaming,258949911,834857,1875735,1493513,15042945.0,989014455.62
Flintshire,bakery,257884868,831353,1862751,1489761,15007351.0,18445874.3
Flintshire,appliances,128876413,414965,931604,744901,7451236.0,1957620440.4
Flintshire,computing,110362036,355995,793794,637398,6414928.0,9392970789.0
Swansea,meat & fish,381153795,1230322,2670502,2168753,22029373.0,51374934.73
Swansea,dairy,362127112,1168759,2532274,2062807,20987992.0,29597659.77
Swansea,fruits & vegetables,360833342,1163433,2529665,2052255,20957475.0,18432840.87
Swansea,clothing,343916837,1110202,2407272,1958377,19954310.0,1510217782.4
Swansea,bakery,253694936,818980,1775677,1444818,14724090.0,18078111.71
Swansea,gaming,252296215,814834,1766235,1437022,14638506.0,963753352.94
Swansea,appliances,126861055,408743,889211,718501,7378891.0,1928136337.4
Swansea,computing,109157181,352941,763823,621601,6345669.0,9288429979.0
Barry,meat & fish,346185765,1111555,2520534,1975386,20120727.0,47537506.06
Barry,fruits & vegetables,330771390,1061215,2413764,1887361,19224564.0,17141442.24
Barry,dairy,330940433,1060164,2410416,1881890,19173902.0,27347685.12
Barry,clothing,313804936,1007698,2284698,1784195,18215042.0,1389492360.8
Barry,gaming,230670161,738673,1674048,1313652,13413233.0,896605765.68
Barry,bakery,230928360,739416,1683169,1316066,13409292.0,16644857.95
Barry,appliances,116260615,373527,846946,661666,6728295.0,1786144561.6
Barry,computing,98947054,317499,720898,563011,5736822.0,8506860990.0
Bridgend,meat & fish,349097159,1130445,2487408,2004707,20296645.0,47816076.36
Bridgend,fruits & vegetables,333211878,1077501,2375979,1909934,19399588.0,17276130.37
Bridgend,dairy,332033576,1075429,2369119,1905468,19344340.0,27598696.99
Bridgend,clothing,316041015,1022679,2257375,1804831,18332120.0,1402140653.34
Bridgend,gaming,232726664,754202,1656961,1334516,13536625.0,904066977.94
Bridgend,bakery,232641793,753593,1659192,1337245,13496502.0,16734749.25
Bridgend,appliances,116011460,375484,826086,667979,6746900.0,1780810467.6
Bridgend,computing,99984983,324217,714011,571934,5785115.0,8547163133.0
Powys,meat & fish,339006374,1086250,2419233,1932235,19668172.0,46401136.53
Powys,dairy,324724643,1043343,2312026,1851509,18851035.0,26842155.61
Powys,fruits & vegetables,324739086,1041023,2311791,1855840,18836405.0,16757325.25
Powys,clothing,307396239,985604,2191360,1751769,17810622.0,1359606989.76
Powys,gaming,228074607,731037,1621978,1297954,13216870.0,880637657.34
Powys,bakery,226407252,725566,1614420,1293459,13144661.0,16283681.68
Powys,appliances,114238809,367258,815344,652987,6627725.0,1744785841.2
Powys,computing,96444331,309493,686541,550760,5600150.0,8293985453.0
Rhoose,meat & fish,346267209,1118929,2476418,1994842,20136358.0,47463286.39
Rhoose,dairy,330337768,1068731,2365168,1899161,19194483.0,27350745.29
Rhoose,fruits & vegetables,329940955,1065147,2356820,1899305,19126328.0,16994347.63
Rhoose,clothing,314206870,1016608,2250359,1805037,18320594.0,1399884843.78
Rhoose,gaming,231042980,746885,1654890,1331574,13409359.0,888955575.08
Rhoose,bakery,230830894,746737,1649629,1327973,13391943.0,16567257.44
Rhoose,appliances,116165587,375650,829609,663234,6741594.0,1784977847.4
Rhoose,computing,99359408,321612,705114,570724,5739895.0,8488034032.0
Bargoed,meat & fish,309452356,994334,2269240,1758549,17958252.0,42860499.9
Bargoed,dairy,296338105,954180,2166630,1686311,17181465.0,24777687.38
Bargoed,fruits & vegetables,295090137,947157,2162144,1683143,17110116.0,15374384.57
Bargoed,clothing,279778824,898220,2053044,1596039,16254712.0,1260000451.1
Bargoed,gaming,206894933,663220,1515042,1182782,12018234.0,805637467.14
Bargoed,bakery,206379435,662374,1512135,1176935,11962007.0,15042491.19
Bargoed,appliances,104263900,335568,760953,595328,6034869.0,1619115149.6
Bargoed,computing,88533766,283762,652766,504242,5141538.0,7703375485.0
Isle of Anglesey,meat & fish,316821298,1027776,2312709,1821832,18351632.0,43665681.46
Isle of Anglesey,dairy,301202446,978228,2201051,1731059,17502388.0,25251039.94
Isle of Anglesey,fruits & vegetables,300749008,975158,2195854,1729386,17458993.0,15691364.24
Isle of Anglesey,clothing,286571190,931736,2088303,1644183,16686008.0,1281506956.24
Isle of Anglesey,bakery,211435935,686892,1539050,1213564,12265397.0,15390856.14
Isle of Anglesey,gaming,211458609,686287,1543285,1213499,12241012.0,824622775.56
Isle of Anglesey,appliances,105641569,342080,772660,605864,6126588.0,1632538140.6
Isle of Anglesey,computing,89949767,293071,658230,516835,5208320.0,7790933444.0
Neath Port Talbot,meat & fish,312286775,1013229,2215984,1782807,18094729.0,43113447.58
Neath Port Talbot,dairy,297515679,965336,2113519,1703508,17230694.0,24789012.7
Neath Port Talbot,fruits & vegetables,297086049,961291,2108564,1700838,17225174.0,15463072.43
Neath Port Talbot,clothing,282254919,912428,1998285,1618196,16349241.0,1260923205.64
Neath Port Talbot,bakery,207982624,673193,1475611,1185918,12100340.0,15150783.45
Neath Port Talbot,gaming,207329476,669527,1470087,1187192,12033209.0,807615154.84
Neath Port Talbot,appliances,103504097,335154,730969,592353,6016169.0,1606822645.2
Neath Port Talbot,computing,88823567,287994,629433,507962,5168872.0,7718225947.0
Wrexham,meat & fish,305392718,997886,2202394,1725144,17756038.0,42297342.77
Wrexham,fruits & vegetables,290036838,945114,2092202,1639223,16870994.0,15203257.15
Wrexham,dairy,290237537,946689,2092753,1637909,16823715.0,24193610.27
Wrexham,clothing,276226269,902073,1988388,1561321,16031749.0,1248035849.0
Wrexham,bakery,203464401,664176,1472557,1147205,11783778.0,14801706.47
Wrexham,gaming,202831689,664114,1468070,1144731,11760705.0,792058184.28
Wrexham,appliances,101796550,331787,734997,575109,5915527.0,1574051016.2
Wrexham,computing,86594002,283164,622709,487700,5012400.0,7492186715.0
Cheshire East,meat & fish,379236686,1209470,2712557,2165762,22050657.0,51399480.03
Cheshire East,dairy,363725550,1162927,2614193,2082757,21110715.0,29684742.2
Cheshire East,fruits & vegetables,362857364,1162242,2598193,2069397,21090341.0,18548493.19
Cheshire East,clothing,345542034,1104243,2470467,1974009,20074881.0,1523664584.5
Cheshire East,bakery,255092840,812651,1827264,1457877,14838718.0,18198730.13
Cheshire East,gaming,254504211,814900,1826467,1452754,14785806.0,970792159.16
Cheshire East,appliances,127373639,406358,911812,727025,7433477.0,1941074505.8
Cheshire East,computing,108613383,348171,775307,621054,6332528.0,9244296305.0
Fylde,meat & fish,379935667,1236465,2669264,2161943,22036446.0,51438760.12
Fylde,fruits & vegetables,362107583,1175911,2542195,2053431,21065418.0,18539239.49
Fylde,dairy,361601197,1178569,2537065,2051399,20971568.0,29550710.57
Fylde,clothing,344111844,1119669,2415814,1956636,19989916.0,1506086531.68
Fylde,gaming,254740306,828898,1790550,1448160,14808006.0,975773870.0
Fylde,bakery,252966286,820414,1772241,1439585,14695414.0,18046069.2
Fylde,appliances,126198011,411783,883139,717150,7327806.0,1915954627.4
Fylde,computing,108733959,354626,766581,615573,6314969.0,9234785460.0
Sefton,meat & fish,380708140,1222884,2786225,2146113,22041236.0,51475159.89
Sefton,fruits & vegetables,361250050,1159941,2637454,2031103,21016611.0,18486107.7
Sefton,dairy,360999778,1156424,2648316,2027942,20992873.0,29581538.37
Sefton,clothing,343448238,1102145,2510469,1938789,19971470.0,1517013797.18
Sefton,gaming,254155789,815769,1866174,1430452,14744535.0,975166255.72
Sefton,bakery,252581499,808565,1850861,1426858,14630192.0,18034028.2
Sefton,appliances,126848570,409100,923396,712260,7373085.0,1930656071.2
Sefton,computing,108654857,347234,795428,614050,6311283.0,9241408014.0
Wyre,meat & fish,381691514,1225760,2781490,2177879,22131178.0,51517475.12
Wyre,dairy,364076596,1166337,2652382,2071393,21142144.0,29764960.18
Wyre,fruits & vegetables,365324705,1174509,2653454,2080770,21140387.0,18563040.44
Wyre,clothing,345402503,1108403,2518013,1970317,20037666.0,1504889700.08
Wyre,bakery,255842149,820035,1861094,1457305,14859128.0,18256032.34
Wyre,gaming,254815759,817579,1854697,1450006,14803120.0,977832702.66
Wyre,appliances,128061804,409991,936159,733377,7435815.0,1945270720.6
Wyre,computing,109375510,351484,797896,626907,6341541.0,9272426311.0
Chorley,meat & fish,347390993,1115819,2498716,1996999,20164966.0,47545240.76
Chorley,fruits & vegetables,331679227,1064952,2386971,1907573,19214384.0,17033186.85
Chorley,dairy,330219691,1059115,2374098,1903275,19164432.0,27263640.66
Chorley,clothing,313606266,1007451,2261616,1803564,18144482.0,1398368057.12
Chorley,gaming,232218203,746790,1671480,1337054,13435962.0,894472983.06
Chorley,bakery,231272697,741138,1668503,1339357,13396033.0,16616701.98
Chorley,appliances,115364306,370051,831650,663933,6704173.0,1780205159.6
Chorley,computing,98386463,316380,707906,565677,5707142.0,8438342092.0
Lancashire,meat & fish,313485435,1013175,2224585,1794847,18154068.0,43331117.82
Lancashire,fruits & vegetables,298845225,962951,2116796,1716676,17353613.0,15621200.19
Lancashire,dairy,296379266,958999,2104439,1696936,17271323.0,24845872.3
Lancashire,clothing,283722906,917553,2017281,1627688,16444578.0,1273124977.82
Lancashire,gaming,209454218,679831,1491831,1199927,12134666.0,818080428.46
Lancashire,bakery,208490342,674680,1482304,1199217,12108094.0,15222351.28
Lancashire,appliances,103605619,336146,733949,595843,6001816.0,1605032271.2
Lancashire,computing,89259621,289053,637095,513033,5192244.0,7753566488.0
Chiltern,meat & fish,376611312,1211002,2621546,2107955,21859572.0,50925586.96
Chiltern,dairy,360220712,1163937,2503916,2027148,20913774.0,29416186.2
Chiltern,fruits & vegetables,359466587,1156169,2503298,2021289,20876666.0,18284979.0
Chiltern,clothing,341747650,1099422,2387024,1919807,19868993.0,1517271487.6
Chiltern,gaming,251358708,811050,1751909,1414981,14603522.0,958734754.64
Chiltern,bakery,251301446,810015,1745529,1413750,14559546.0,17906364.62
Chiltern,appliances,125330340,403616,876004,705262,7294300.0,1902118662.2
Chiltern,computing,108142125,349213,753101,605960,6274196.0,9160167590.0
East Sussex,meat & fish,379987246,1227608,2693340,2173894,22072977.0,51412938.28
East Sussex,dairy,361717634,1169032,2569370,2070439,21015268.0,29604912.34
East Sussex,fruits & vegetables,359049584,1160871,2543639,2057069,20885198.0,18350080.38
East Sussex,clothing,342166899,1103912,2424131,1958154,19868506.0,1498827564.18
East Sussex,gaming,252570421,815246,1793120,1446305,14658079.0,962288431.26
East Sussex,bakery,251688285,812072,1784598,1443032,14603406.0,17978265.2
East Sussex,appliances,126391614,409451,898680,725559,7341706.0,1913082543.0
East Sussex,computing,107777425,345736,764577,617656,6281273.0,9172409222.0
Epsom and Ewell,meat & fish,381654557,1237175,2727158,2188213,22175006.0,51697577.62
Epsom and Ewell,fruits & vegetables,363472998,1178832,2598682,2083414,21128612.0,18574190.66
Epsom and Ewell,dairy,363662610,1178458,2599747,2087590,21106473.0,29715244.58
Epsom and Ewell,clothing,346237024,1123604,2470422,1987421,20118710.0,1527051616.72
Epsom and Ewell,gaming,255551504,827592,1824356,1463757,14839235.0,980666705.26
Epsom and Ewell,bakery,255020076,827924,1819376,1464659,14821125.0,18194940.92
Epsom and Ewell,appliances,126992275,410481,909161,727851,7363558.0,1918791218.0
Epsom and Ewell,computing,109519988,355091,783360,630357,6363287.0,9308292854.0
Kent,meat & fish,377040578,1214329,2693110,2135704,21912107.0,51111197.17
Kent,fruits & vegetables,359116205,1153912,2560760,2031185,20881360.0,18336414.89
Kent,dairy,358852914,1155710,2558353,2033328,20829824.0,29350249.1
Kent,clothing,341550983,1102142,2437689,1939138,19825493.0,1502608249.04
Kent,bakery,251802582,808323,1799858,1421788,14605614.0,17902202.63
Kent,gaming,251182410,809784,1792005,1422384,14601541.0,962675753.26
Kent,appliances,125424096,405256,893709,708768,7300641.0,1904646030.0
Kent,computing,107757401,348428,768072,611821,6247354.0,9145988456.0
Mole Valley,meat & fish,375470545,1223012,2718039,2114766,21800414.0,50873083.13
Mole Valley,fruits & vegetables,355645882,1158850,2574596,2002695,20701136.0,18197285.02
Mole Valley,dairy,354226619,1154302,2562991,1995200,20600524.0,29035461.62
Mole Valley,clothing,338054929,1100315,2446643,1904777,19679593.0,1491805389.38
Mole Valley,gaming,249526917,810530,1804379,1405440,14527728.0,956343899.2
Mole Valley,bakery,249240233,811947,1805240,1404781,14459991.0,17708741.95
Mole Valley,appliances,125350475,407655,906037,707767,7278898.0,1891695140.2
Mole Valley,computing,107088099,348887,775825,602942,6229735.0,9110037894.0
Bracknell Forest,meat & fish,348901485,1124555,2528511,1990010,20258042.0,47727940.99
Bracknell Forest,fruits & vegetables,334338751,1079884,2415443,1908295,19463981.0,17296298.76
Bracknell Forest,dairy,333442927,1075646,2414542,1907990,19398293.0,27628362.83
Bracknell Forest,clothing,316992835,1024204,2289690,1806440,18367956.0,1403507381.04
Bracknell Forest,bakery,232940946,752935,1686244,1331408,13551817.0,16848144.87
Bracknell Forest,gaming,232458335,752135,1685983,1326432,13475026.0,897689910.64
Bracknell Forest,appliances,116389642,376120,844815,665089,6761946.0,1782350574.0
Bracknell Forest,computing,99876013,321747,722976,570444,5788771.0,8559284429.0
Fareham,meat & fish,343538496,1118036,2446293,1945324,19916351.0,47019906.8
Fareham,fruits & vegetables,328783855,1072524,2341706,1866179,19085586.0,17013456.39
Fareham,dairy,326076779,1062530,2322567,1852413,18939559.0,26999607.15
Fareham,clothing,309352121,1005014,2204841,1751626,17937490.0,1379419953.68
Fareham,bakery,228547709,745182,1626097,1298032,13263991.0,16407532.4
Fareham,gaming,227924778,742421,1622048,1294393,13214425.0,882184652.82
Fareham,appliances,114045130,372156,810577,648842,6646913.0,1749872874.2
Fareham,computing,98149109,319252,698261,556953,5679796.0,8430141927.0
Hampshire,meat & fish,346986214,1124800,2479820,1967240,20143662.0,47516437.33
Hampshire,dairy,332045425,1080032,2370279,1883997,19271113.0,27480393.68
Hampshire,fruits & vegetables,332716844,1080944,2379547,1891626,19269909.0,17192052.85
Hampshire,clothing,314943348,1023665,2250749,1789072,18249409.0,1398242011.4
Hampshire,gaming,232815482,754336,1663776,1321655,13485463.0,901072614.06
Hampshire,bakery,231982284,754878,1651120,1321504,13447824.0,16712782.83
Hampshire,appliances,115728098,375078,825107,656646,6715848.0,1777887582.2
Hampshire,computing,99465275,323729,711492,561229,5793872.0,8562464099.0
Isle of Wight,meat & fish,342797193,1104921,2473741,1953589,19930329.0,47026651.09
Isle of Wight,fruits & vegetables,327243180,1058328,2353258,1863888,19010076.0,16829084.82
Isle of Wight,dairy,327293350,1055465,2352750,1867209,18941345.0,26949593.5
Isle of Wight,clothing,311616391,1006367,2243828,1780372,18069542.0,1397685176.12
Isle of Wight,gaming,228380959,738781,1643557,1301009,13248072.0,889024909.46
Isle of Wight,bakery,228131622,735913,1645254,1303875,13236374.0,16406560.41
Isle of Wight,appliances,113908254,366262,819336,647551,6610244.0,1752540700.2
Isle of Wight,computing,97981769,316652,706462,559411,5684989.0,8407483330.0
Oxford,meat & fish,342983456,1099709,2481704,1946257,19891875.0,46813726.45
Oxford,fruits & vegetables,329583555,1058442,2381132,1872726,19140321.0,16996270.85
Oxford,dairy,328748217,1052629,2383232,1868262,19080220.0,27147154.28
Oxford,clothing,311914523,1000740,2256897,1768885,18144766.0,1401542259.56
Oxford,bakery,229823953,738322,1663571,1302889,13377104.0,16531265.28
Oxford,gaming,229436453,735795,1658960,1302961,13264578.0,883669283.28
Oxford,appliances,114553011,366817,827173,651814,6631230.0,1740559097.6
Oxford,computing,98096498,315150,708738,556578,5695619.0,8404966897.0
Reigate and Banstead,meat & fish,313646720,1024330,2208071,1806577,18251122.0,43579519.08
Reigate and Banstead,fruits & vegetables,297583866,971111,2095378,1714733,17291353.0,15507060.41
Reigate and Banstead,dairy,296876799,967920,2082000,1713898,17266052.0,24886086.9
Reigate and Banstead,clothing,281990205,920246,1990411,1626052,16381699.0,1270833896.06
Reigate and Banstead,bakery,208847275,682437,1468540,1202252,12153640.0,15248028.9
Reigate and Banstead,gaming,207887550,679858,1463350,1199315,12060869.0,809723341.36
Reigate and Banstead,appliances,103952048,338560,731737,598155,6030847.0,1620000477.2
Reigate and Banstead,computing,89444139,292356,631587,516847,5183733.0,7760266361.0
Sevenoaks,meat & fish,309014792,993521,2224505,1779242,17884017.0,42656579.42
Sevenoaks,fruits & vegetables,296112896,950845,2130484,1704880,17204503.0,15466686.8
Sevenoaks,dairy,294972389,948667,2124373,1695036,17072579.0,24596000.66
Sevenoaks,clothing,280058407,903474,2016774,1610976,16259073.0,1259562543.66
Sevenoaks,bakery,206636688,663403,1492104,1187438,11985665.0,15041468.28
Sevenoaks,gaming,205631078,659287,1479365,1181527,11945933.0,804473609.88
Sevenoaks,appliances,104361476,336612,753006,601090,6065058.0,1618035527.4
Sevenoaks,computing,88286321,283393,636148,508540,5136204.0,7687206841.0
Shepway,meat & fish,314102255,1010255,2250694,1788027,18207325.0,43370958.41
Shepway,dairy,299516351,962948,2144298,1703674,17400687.0,25047569.07
Shepway,fruits & vegetables,298310459,957047,2140463,1696766,17371894.0,15571847.91
Shepway,clothing,283769677,913351,2034742,1611991,16448957.0,1277999976.14
Shepway,bakery,209019101,672005,1494781,1189447,12114026.0,15210941.13
Shepway,gaming,208286964,668785,1489548,1182735,12037153.0,812092064.28
Shepway,appliances,105342918,338787,751290,599755,6124019.0,1636201510.6
Shepway,computing,90391002,290120,652397,515556,5255618.0,7860702488.0
West Oxfordshire,meat & fish,310277316,989347,2151070,1762246,18043687.0,43079246.3
West Oxfordshire,fruits & vegetables,296848780,948919,2063536,1688825,17208996.0,15419328.49
West Oxfordshire,dairy,294816324,940362,2049150,1678979,17139831.0,24682004.4
West Oxfordshire,clothing,279885046,891910,1944902,1590130,16243114.0,1252285693.58
West Oxfordshire,gaming,206596398,658283,1431897,1174137,11991244.0,810746677.54
West Oxfordshire,bakery,205877652,657571,1429996,1175786,11957998.0,14989785.84
West Oxfordshire,appliances,103296700,328514,717300,586837,5988962.0,1591971187.6
West Oxfordshire,computing,89327351,283291,620407,506847,5179161.0,7738351425.0
Dorset,meat & fish,376562868,1213418,2708845,2149782,21870305.0,51067647.81
Dorset,dairy,360700514,1162537,2603840,2060785,20908857.0,29498246.33
Dorset,fruits & vegetables,359639779,1158544,2587336,2062169,20860676.0,18341834.26
Dorset,clothing,342355952,1102927,2463032,1952840,19872730.0,1513448315.86
Dorset,gaming,253268222,816297,1824978,1449959,14697572.0,973700804.06
Dorset,bakery,252314634,815673,1819979,1442355,14670813.0,18085353.55
Dorset,appliances,126045584,404236,910753,721646,7329297.0,1917809544.2
Dorset,computing,108349386,347880,780044,617694,6308471.0,9247048579.0
East Devon,meat & fish,376131338,1213845,2675971,2147129,21824197.0,50929973.0
East Devon,dairy,357210782,1151245,2537945,2048071,20775601.0,29270014.69
East Devon,fruits & vegetables,357013420,1150807,2537027,2035786,20731525.0,18214405.15
East Devon,clothing,339157451,1093241,2410832,1942271,19718848.0,1495550088.18
East Devon,bakery,249768997,806287,1774053,1427027,14485469.0,17775468.16
East Devon,gaming,248795298,801525,1766023,1425790,14442656.0,950106225.02
East Devon,appliances,125194453,405238,892461,716983,7245892.0,1887166381.6
East Devon,computing,106931249,344737,761186,612894,6196195.0,9063037581.0
Forest of Dean,meat & fish,379538928,1225164,2742808,2175198,22047833.0,51368117.76
Forest of Dean,fruits & vegetables,360474951,1164746,2607503,2069460,20966518.0,18429782.38
Forest of Dean,dairy,360902949,1163866,2621850,2070760,20886326.0,29421028.27
Forest of Dean,clothing,342306624,1103959,2479090,1963244,19874161.0,1509073992.82
Forest of Dean,bakery,253749313,819534,1834583,1453736,14701867.0,18025980.89
Forest of Dean,gaming,252615087,816138,1829297,1450731,14645015.0,963110321.58
Forest of Dean,appliances,127292779,410123,920257,730114,7386190.0,1931223850.6
Forest of Dean,computing,107712206,348287,781709,617454,6248153.0,9149684025.0
West Somerset,meat & fish,339756416,1097694,2411517,1942889,19676177.0,46450645.21
West Somerset,dairy,326149640,1056310,2317276,1866565,18966052.0,27037912.57
West Somerset,fruits & vegetables,324985941,1048250,2304578,1860546,18864695.0,16781362.04
West Somerset,clothing,308230316,997217,2183426,1764528,17873874.0,1378308208.42
West Somerset,bakery,226798336,732069,1608640,1301258,13195236.0,16357587.07
West Somerset,gaming,226706668,732772,1606153,1298348,13162446.0,879151500.4
West Somerset,appliances,113572429,368086,804070,651836,6597512.0,1747508314.2
West Somerset,computing,97803255,316023,693476,560626,5665483.0,8395298993.0
Greater London,meat & fish,380762116,1225193,2747622,2171687,22152099.0,51728746.65
Greater London,fruits & vegetables,363937327,1172556,2624351,2080263,21166826.0,18623312.61
Greater London,dairy,362899142,1167829,2615738,2067968,21045276.0,29654581.4
Greater London,clothing,344246420,1108534,2475413,1969020,19982930.0,1517982699.98
Greater London,bakery,255947638,824912,1850575,1459353,14876040.0,18276052.74
Greater London,gaming,255130329,821384,1841755,1455697,14787474.0,978575434.96
Greater London,appliances,127296805,411570,918602,726376,7393984.0,1937489322.4
Greater London,computing,108328622,348460,782541,617939,6286227.0,9195616940.0
Haringey,meat & fish,377792383,1212082,2704202,2172699,21938489.0,51077937.16
Haringey,dairy,359501316,1152064,2569626,2065519,20867807.0,29400087.44
Haringey,fruits & vegetables,358585265,1150702,2561595,2062068,20835752.0,18289787.38
Haringey,clothing,341786947,1098103,2442067,1961841,19884949.0,1500544429.32
Haringey,bakery,252106017,808565,1802947,1451336,14660681.0,17956855.97
Haringey,gaming,251825897,805366,1803771,1445684,14607885.0,963201808.54
Haringey,appliances,125870562,403342,899777,721999,7315938.0,1913280727.4
Haringey,computing,108382482,347871,777195,622735,6295538.0,9207659348.0
Lambeth,meat & fish,379348666,1224752,2772628,2169309,22009116.0,51279394.02
Lambeth,fruits & vegetables,362105713,1168806,2642505,2073362,21027801.0,18489053.96
Lambeth,dairy,361159539,1165355,2634144,2062850,20959019.0,29549301.4
Lambeth,clothing,343085861,1107130,2502583,1963348,19920412.0,1510452225.14
Lambeth,gaming,253430194,820687,1845895,1449078,14731062.0,973818182.76
Lambeth,bakery,253343695,817910,1851348,1449708,14690629.0,18005612.99
Lambeth,appliances,126968823,408570,924405,725469,7373789.0,1933039248.8
Lambeth,computing,109147942,352064,796835,623058,6341140.0,9270477098.0
Newham,meat & fish,379272662,1231093,2827854,2160646,21994211.0,51256929.93
Newham,dairy,361530490,1175081,2687966,2060402,20989794.0,29511959.01
Newham,fruits & vegetables,361070738,1169987,2694851,2052626,20976787.0,18372738.71
Newham,clothing,342122810,1108350,2552564,1946327,19942923.0,1511281694.84
Newham,gaming,253270780,821100,1885353,1443266,14733233.0,967062226.6
Newham,bakery,253278694,821781,1886368,1443551,14711760.0,18065728.37
Newham,appliances,125281410,405977,934160,714000,7283476.0,1901642111.4
Newham,computing,107840986,348567,806394,615062,6283427.0,9182710784.0
Harrow,meat & fish,341994219,1107509,2439484,1962789,19848131.0,46829429.18
Harrow,dairy,327655345,1056555,2333703,1880584,19013278.0,27041433.04
Harrow,fruits & vegetables,326771644,1056006,2332188,1874284,18953719.0,16869784.18
Harrow,clothing,310498001,1003763,2217836,1781710,18021094.0,1381109382.74
Harrow,bakery,228989678,739780,1637654,1315860,13284602.0,16489165.9
Harrow,gaming,227660660,734953,1624859,1306954,13193046.0,883370428.56
Harrow,appliances,114085852,368733,813626,658593,6630630.0,1741209656.0
Harrow,computing,97041348,313340,695431,554391,5623506.0,8305763255.0
Islington,meat & fish,341526194,1097119,2465932,1939512,19882413.0,46817378.1
Islington,dairy,326593628,1051081,2357579,1853574,18941877.0,26984295.47
Islington,fruits & vegetables,325122693,1046723,2351903,1844531,18870985.0,16772115.89
Islington,clothing,309733269,994810,2234653,1756055,17983545.0,1387444563.56
Islington,gaming,228303397,732851,1645091,1295960,13267110.0,887081470.96
Islington,bakery,228742824,737770,1654243,1298188,13259171.0,16450157.8
Islington,appliances,113715818,366521,822505,646648,6614344.0,1747530084.6
Islington,computing,97357773,313683,703658,553800,5632029.0,8333279665.0
Hackney,meat & fish,312935271,999744,2211831,1791805,18204630.0,43539345.17
Hackney,fruits & vegetables,300025492,959556,2121509,1725203,17455757.0,15693539.24
Hackney,dairy,299962311,961274,2119161,1721640,17449762.0,25156778.18
Hackney,clothing,286477265,914107,2025885,1638922,16661838.0,1288327547.98
Hackney,gaming,210126515,672083,1487560,1207477,12177914.0,818755303.5
Hackney,bakery,209872610,670937,1484309,1202029,12155605.0,15320219.88
Hackney,appliances,105396135,336572,746788,605789,6105254.0,1642159211.0
Hackney,computing,90257184,288357,637592,518343,5254155.0,7859732183.0
Larne,meat & fish,368169141,1187411,2641921,2098581,21397687.0,49844836.89
Larne,fruits & vegetables,351148550,1134508,2518550,1997500,20372503.0,17965031.57
Larne,dairy,350928949,1131323,2521848,1995818,20352921.0,28597076.24
Larne,clothing,335752917,1086425,2407345,1913961,19458461.0,1467764004.68
Larne,gaming,246437495,794703,1770328,1402538,14310165.0,944035712.68
Larne,bakery,245542222,794343,1759442,1400408,14265238.0,17476852.44
Larne,appliances,124025026,400552,889911,706766,7173511.0,1861043587.8
Larne,computing,105871879,340961,760225,604922,6159242.0,9004233119.0
Belfast,meat & fish,344785140,1108565,2529968,1949739,20000359.0,47141686.77
Belfast,fruits & vegetables,329432000,1061371,2411957,1858550,19110073.0,16999634.84
Belfast,dairy,328710549,1057038,2403544,1860501,19034478.0,27107290.6
Belfast,clothing,313303564,1011671,2296139,1770227,18163816.0,1389895376.12
Belfast,gaming,230890401,743157,1691342,1305810,13384234.0,897558166.82
Belfast,bakery,229806857,739707,1688818,1298051,13332316.0,16512947.22
Belfast,appliances,114773456,370641,839282,647167,6658987.0,1759453894.4
Belfast,computing,98854116,317937,724300,560180,5725839.0,8460265405.0
Armagh,meat & fish,308096638,1001459,2234144,1752637,17854005.0,42551859.27
Armagh,dairy,293226481,954435,2127139,1669543,17028853.0,24529817.95
Armagh,fruits & vegetables,292345393,953584,2117232,1659939,16918937.0,15191668.62
Armagh,clothing,278278504,906476,2016145,1584006,16130387.0,1250119193.08
Armagh,gaming,205025822,667337,1488633,1164273,11911759.0,802404529.12
Armagh,bakery,204760467,667630,1484785,1165189,11828262.0,14818670.33
Armagh,appliances,102196604,332784,740415,580360,5943002.0,1583963209.0
Armagh,computing,88043201,287495,639584,501571,5097497.0,7617072384.0
Ballymoney,meat & fish,309928391,1001324,2201115,1771149,17988402.0,42857566.53
Ballymoney,fruits & vegetables,295319135,953410,2093084,1686374,17140263.0,15400983.3
Ballymoney,dairy,295128848,955204,2099000,1685007,17130191.0,24650730.59
Ballymoney,clothing,280288043,905556,1989191,1602920,16267509.0,1247378381.64
Ballymoney,gaming,206153055,667799,1467341,1178287,11984429.0,809237212.94
Ballymoney,bakery,205651178,664906,1461992,1173239,11956123.0,15005782.16
Ballymoney,appliances,102825188,332073,727651,588357,5974211.0,1603811834.2
Ballymoney,computing,88456999,285862,630893,505723,5135829.0,7689658050.0
Lichfield,meat & fish,374889493,1202543,2684673,2151105,21761432.0,50775788.89
Lichfield,fruits & vegetables,356273686,1142090,2557837,2041597,20685525.0,18197115.29
Lichfield,dairy,356477388,1141041,2556603,2039216,20681600.0,29145546.38
Lichfield,clothing,339445825,1090163,2441405,1950395,19708838.0,1487050650.06
Lichfield,gaming,250433175,802552,1798468,1438688,14502416.0,952706555.94
Lichfield,bakery,249117149,798849,1787710,1429245,14469274.0,17759711.36
Lichfield,appliances,124492830,399037,895472,716548,7235316.0,1886636896.6
Lichfield,computing,106710302,342145,771253,610166,6187616.0,9055073516.0
Staffordshire,meat & fish,379359308,1221647,2744060,2152785,22027594.0,51341761.97
Staffordshire,dairy,362361047,1167527,2620007,2057377,21153781.0,29842014.5
Staffordshire,fruits & vegetables,364044391,1172705,2634853,2070679,21123860.0,18583155.3
Staffordshire,clothing,343708973,1108154,2490956,1952281,19972528.0,1503393201.16
Staffordshire,gaming,253010878,813471,1834386,1438203,14670504.0,971098766.0
Staffordshire,bakery,253492953,814944,1831291,1438947,14665707.0,17954091.44
Staffordshire,appliances,126701272,408845,916255,717704,7361372.0,1923547911.4
Staffordshire,computing,108937932,351521,786381,618404,6330223.0,9259692152.0
Stoke-on-Trent,meat & fish,380921600,1235148,2779256,2182344,22160073.0,51650484.18
Stoke-on-Trent,fruits & vegetables,364835816,1184373,2657541,2093021,21197854.0,18645994.8
Stoke-on-Trent,dairy,363798277,1179937,2656251,2080018,21138688.0,29797297.89
Stoke-on-Trent,clothing,345162610,1119720,2519091,1977685,20026544.0,1510133313.68
Stoke-on-Trent,gaming,254590062,826782,1866780,1456165,14816903.0,977895917.08
Stoke-on-Trent,bakery,253354303,825836,1852846,1450841,14670615.0,18007226.52
Stoke-on-Trent,appliances,127893795,414692,934431,730552,7436809.0,1946294013.2
Stoke-on-Trent,computing,109291177,355251,794830,624292,6326540.0,9252812536.0
Warwickshire,meat & fish,383299000,1240277,2790731,2201293,22244724.0,51886175.49
Warwickshire,dairy,364422745,1174790,2655967,2097742,21188151.0,29851285.93
Warwickshire,fruits & vegetables,363438565,1175593,2651052,2082321,21083960.0,18552150.31
Warwickshire,clothing,346219009,1119919,2521070,1987102,20090691.0,1521237237.28
Warwickshire,gaming,255808678,825748,1865555,1472842,14843479.0,974608705.58
Warwickshire,bakery,254239498,822196,1855688,1460153,14762314.0,18167446.79
Warwickshire,appliances,127285390,410917,925626,731406,7359012.0,1922513902.8
Warwickshire,computing,109250902,351836,795403,630658,6342736.0,9263936568.0
Rugby,meat & fish,307098128,995982,2195040,1741660,17785894.0,42426361.48
Rugby,dairy,294451240,956785,2102961,1665900,17103228.0,24630970.55
Rugby,fruits & vegetables,292346891,948936,2083912,1656813,16994824.0,15210711.87
Rugby,clothing,278814311,906464,1991171,1576753,16144837.0,1246648712.26
Rugby,gaming,205986743,670576,1477177,1166761,11918499.0,802766512.56
Rugby,bakery,204197795,661862,1454202,1156756,11836486.0,14858959.27
Rugby,appliances,102932905,333611,736518,581236,5989504.0,1603502318.8
Rugby,computing,87864859,284135,624864,496201,5115835.0,7654593164.0
Worcestershire,meat & fish,314484712,1009028,2247659,1784509,18247472.0,43448815.16
Worcestershire,dairy,298034990,956125,2134079,1690579,17315734.0,24966570.28
Worcestershire,fruits & vegetables,297451625,956134,2131690,1687562,17234532.0,15477786.38
Worcestershire,clothing,282545891,906605,2018406,1604689,16356344.0,1262824171.26
Worcestershire,bakery,209446182,671562,1500388,1189927,12113619.0,15190849.97
Worcestershire,gaming,208334491,668024,1490900,1183679,12095912.0,814151580.0
Worcestershire,appliances,103492377,332017,737221,586386,6038895.0,1621747905.8
Worcestershire,computing,89520586,287824,642627,508569,5184371.0,7753712070.0
North Ayrshire,meat & fish,381447455,1232838,2723616,2195185,22125893.0,51690317.27
North Ayrshire,fruits & vegetables,363903478,1176959,2599709,2096935,21105712.0,18587626.57
North Ayrshire,dairy,363316711,1177030,2593414,2093447,21090114.0,29773746.67
North Ayrshire,clothing,346834524,1124390,2478536,1993803,20161956.0,1541509462.02
North Ayrshire,bakery,254455598,823538,1821770,1463754,14804151.0,18212093.36
North Ayrshire,gaming,253828433,820117,1812588,1465079,14742216.0,971248549.66
North Ayrshire,appliances,127204321,412023,906067,733506,7358618.0,1935485097.8
North Ayrshire,computing,108903832,352149,777604,627377,6324970.0,9272047929.0
Orkney,meat & fish,378949891,1217430,2684595,2171759,22004902.0,51334716.99
Orkney,dairy,362237460,1164487,2574384,2077280,21022404.0,29647267.14
Orkney,fruits & vegetables,359803838,1158263,2555710,2061730,20906204.0,18407828.86
Orkney,clothing,343586878,1103536,2433253,1963515,19933112.0,1521252087.96
Orkney,bakery,251888570,810854,1788973,1442999,14691206.0,18058263.04
Orkney,gaming,251873548,808569,1787830,1445014,14634618.0,962993200.5
Orkney,appliances,126975790,407647,899840,725571,7327616.0,1912521054.6
Orkney,computing,108241093,347352,767906,619403,6284797.0,9195643364.0
Peeblesshire,meat & fish,373699937,1209001,2687670,2145372,21724515.0,50560664.52
Peeblesshire,fruits & vegetables,357081402,1156745,2572679,2046755,20756189.0,18229784.76
Peeblesshire,dairy,354957402,1146588,2557979,2036788,20570693.0,28915812.4
Peeblesshire,clothing,338150623,1093460,2434130,1942192,19625835.0,1500609083.94
Peeblesshire,gaming,248961808,807275,1793987,1428814,14446385.0,951973077.28
Peeblesshire,bakery,249164487,805915,1796340,1429565,14446025.0,17741714.41
Peeblesshire,appliances,124832248,402993,901107,715333,7266710.0,1883687083.4
Peeblesshire,computing,106520680,344961,766777,611974,6175733.0,9020874382.0
Dumfries and Galloway,meat & fish,345092975,1116546,2522039,1992589,20016199.0,47115770.05
Dumfries and Galloway,fruits & vegetables,327073130,1061117,2391111,1892580,18977809.0,16863173.69
Dumfries and Galloway,dairy,326367303,1057604,2385607,1880756,18951793.0,26961594.04
Dumfries and Galloway,clothing,311377390,1009551,2282057,1791832,18068258.0,1378255145.26
Dumfries and Galloway,gaming,229745897,746771,1682071,1321614,13324650.0,890224333.82
Dumfries and Galloway,bakery,228493361,740983,1670730,1317698,13285130.0,16467258.95
Dumfries and Galloway,appliances,114992442,372547,842798,661776,6692117.0,1762655926.2
Dumfries and Galloway,computing,97669309,317048,713934,562352,5663844.0,8368444566.0
Falkirk,meat & fish,343512798,1111226,2462420,1961165,19969916.0,47143842.17
Falkirk,fruits & vegetables,328063792,1061724,2355334,1872770,19048190.0,16916846.82
Falkirk,dairy,327093493,1059717,2349437,1863671,18980303.0,27060256.5
Falkirk,clothing,310871429,1006875,2235908,1772972,18072648.0,1390169855.28
Falkirk,gaming,228467407,739201,1642972,1302402,13318843.0,892453548.72
Falkirk,bakery,228718577,741083,1642770,1302812,13285887.0,16503270.77
Falkirk,appliances,114167293,369171,819310,646706,6636669.0,1761185848.6
Falkirk,computing,97599558,315321,698752,556222,5666284.0,8385493150.0
East Dunbartonshire,meat & fish,311797469,1002001,2203429,1782906,18083634.0,43080240.86
East Dunbartonshire,dairy,296219733,952318,2092239,1695625,17179913.0,24717684.34
East Dunbartonshire,fruits & vegetables,295518415,951065,2089330,1689779,17155827.0,15402602.44
East Dunbartonshire,clothing,281300342,905615,1984836,1612233,16347062.0,1269594616.2
East Dunbartonshire,gaming,206754127,663452,1465814,1182661,11991373.0,808389246.34
East Dunbartonshire,bakery,206159062,664108,1455693,1182447,11937917.0,14994556.66
East Dunbartonshire,appliances,103020078,330066,726927,588925,5944712.0,1587030648.6
East Dunbartonshire,computing,87924292,282973,621744,502856,5102759.0,7625859520.0
Edinburgh City,meat & fish,308155263,986336,2225723,1761264,17893687.0,42625224.76
Edinburgh City,fruits & vegetables,295065682,943249,2134690,1682411,17110403.0,15421542.13
Edinburgh City,dairy,293309318,937828,2121280,1671446,17032405.0,24520595.76
Edinburgh City,clothing,280657895,899349,2030324,1604698,16298543.0,1269340528.62
Edinburgh City,bakery,205368983,657391,1482948,1169628,11949054.0,14976027.26
Edinburgh City,gaming,204109428,653800,1476328,1169228,11813229.0,798049394.46
Edinburgh City,appliances,102441421,327255,739476,584446,5932175.0,1584141804.6
Edinburgh City,computing,87745920,280275,637492,500715,5124333.0,7662588883.0
Glasgow City,meat & fish,311560683,1006612,2245564,1785449,18080737.0,43072835.07
Glasgow City,dairy,297326467,961917,2143432,1704868,17278602.0,24826685.71
Glasgow City,fruits & vegetables,296492836,956966,2135575,1698680,17217930.0,15455900.73
Glasgow City,clothing,282258108,912866,2032754,1619584,16394533.0,1275385160.16
Glasgow City,gaming,208183446,673445,1498415,1191734,12060661.0,814183536.8
Glasgow City,bakery,208402872,674502,1501278,1192873,12053328.0,15146000.89
Glasgow City,appliances,104044549,335630,748430,595867,6040843.0,1617102472.6
Glasgow City,computing,89115674,289030,640047,512742,5180503.0,7726474150.0
North Yorkshire,meat & fish,735177163,2383790,5288514,4199523,42679484.0,100020971.62
North Yorkshire,dairy,698470789,2264751,5013765,3989596,40553608.0,57416799.84
North Yorkshire,fruits & vegetables,699287516,2265337,5034542,3991930,40511527.0,35814974.82
North Yorkshire,clothing,662489767,2154790,4759608,3781308,38478190.0,2921313545.08
North Yorkshire,gaming,487872441,1581700,3509786,2787272,28374324.0,1883660757.94
North Yorkshire,bakery,487091833,1578752,3500721,2784792,28264030.0,34901614.62
North Yorkshire,appliances,243120723,788890,1749396,1391610,14126014.0,3712543829.0
North Yorkshire,computing,209972432,679377,1510007,1197533,12201188.0,17937319332.0
Richmondshire,meat & fish,382356541,1230790,2798757,2192540,22244078.0,51881000.89
Richmondshire,dairy,364344255,1167725,2658982,2090120,21113178.0,29722250.3
Richmondshire,fruits & vegetables,362338950,1165302,2644417,2074186,21013614.0,18449921.29
Richmondshire,clothing,344863817,1106638,2515912,1975844,20003667.0,1515667019.88
Richmondshire,bakery,254990358,819072,1860910,1457752,14822496.0,18226377.02
Richmondshire,gaming,254088881,816932,1857982,1451520,14727702.0,974243223.7
Richmondshire,appliances,127833550,409003,931578,732751,7398586.0,1922928186.2
Richmondshire,computing,109253685,350334,799426,623609,6346211.0,9272847212.0
Selby,meat & fish,313912808,1008934,2260848,1801638,18216032.0,43470405.0
Selby,fruits & vegetables,299255300,964753,2150569,1713292,17356510.0,15566419.89
Selby,dairy,298552832,959401,2143437,1709827,17296460.0,24916506.57
Selby,clothing,283104332,908011,2034542,1617993,16428683.0,1262045550.02
Selby,gaming,209915510,675707,1508788,1199957,12205289.0,822721104.78
Selby,bakery,209104968,672660,1503056,1197512,12122269.0,15186687.05
Selby,appliances,104960996,337781,753664,601367,6114873.0,1620599664.0
Selby,computing,89068688,286016,640436,509492,5166702.0,7723046884.0
York,meat & fish,312966795,1009747,2241562,1804668,18221869.0,43313101.02
York,fruits & vegetables,297057146,956571,2127340,1711322,17306079.0,15509264.72
York,dairy,297482198,957563,2132947,1721375,17287356.0,24879481.68
York,clothing,282308256,907470,2021620,1634467,16384375.0,1262487465.5
York,bakery,209729642,675138,1504956,1211086,12144604.0,15218021.58
York,gaming,208751781,671568,1495398,1202794,12121985.0,813413808.66
York,appliances,104198690,335320,746867,599177,6049938.0,1609282211.6
York,computing,89179043,287090,638325,515123,5171193.0,7723768257.0
Tyne and Wear,meat & fish,382587419,1235622,2719918,2196525,22223073.0,51855264.77
Tyne and Wear,fruits & vegetables,363869336,1171275,2585987,2086216,21139106.0,18613914.35
Tyne and Wear,dairy,362851700,1167869,2592529,2083442,21084117.0,29714474.55
Tyne and Wear,clothing,344554717,1106547,2446142,1977243,20022225.0,1513994770.56
Tyne and Wear,bakery,255153401,819867,1820087,1464963,14833264.0,18195746.16
Tyne and Wear,gaming,254361685,821191,1804882,1458626,14785154.0,977965076.22
Tyne and Wear,appliances,126614457,408854,900162,726331,7337321.0,1909588520.8
Tyne and Wear,computing,108816726,350686,773645,628536,6304592.0,9221365980.0
Darlington,meat & fish,312396711,1001635,2261283,1794478,18148956.0,43306503.3
Darlington,dairy,299086827,957929,2164892,1722314,17354933.0,25008935.27
Darlington,fruits & vegetables,299349245,958990,2164016,1723740,17342816.0,15568414.75
Darlington,clothing,283586880,908576,2046987,1630203,16438890.0,1276769527.84
Darlington,gaming,209150860,671054,1514435,1204535,12128822.0,816152626.2
Darlington,bakery,208512841,668327,1508170,1198157,12122025.0,15256743.43
Darlington,appliances,104900303,336817,757205,603530,6086038.0,1625573263.2
Darlington,computing,90167148,289509,651761,517850,5208300.0,7791025510.0
Stockton-on-Tees,meat & fish,316320970,1016745,2295326,1795666,18359528.0,43749629.25
Stockton-on-Tees,dairy,300641355,965518,2170738,1704046,17452432.0,25133551.29
Stockton-on-Tees,fruits & vegetables,300206322,965059,2173281,1704848,17400099.0,15634288.17
Stockton-on-Tees,clothing,287173745,924034,2081644,1633480,16720255.0,1294260023.62
Stockton-on-Tees,bakery,209827623,674338,1514599,1191254,12193274.0,15232857.3
Stockton-on-Tees,gaming,209933137,674819,1519975,1192276,12188428.0,815077628.14
Stockton-on-Tees,appliances,105135855,338341,759465,597852,6091473.0,1621286921.8
Stockton-on-Tees,computing,89608596,288527,647262,507982,5180506.0,7740153733.0
