county,product,year,month,day,hour,total_quantity_purchased,amount_in_gbp
Bassetlaw,almond croisant,18606296,59621,133373,105907,1100943.0,990547.68
Bassetlaw,minecraft game - xbox,18507729,59276,132457,106392,1084051.0,9762521.8
Bassetlaw,millionaire square,18528336,59204,132916,105784,1083880.0,1953165.88
Bassetlaw,garlic,18409331,58807,132035,104978,1082691.0,243892.47
Bassetlaw,organic soured cream,18539770,59284,133331,106850,1081196.0,972273.42
Bassetlaw,free range large eggs x12,17820630,56868,128293,101428,1030080.0,1390241.1
Bassetlaw,Organic mILK,17627334,56335,126931,101781,1029402.0,1389769.11
Bassetlaw,jam doughnut,17762179,57287,126478,101753,1028871.0,925829.98
Bassetlaw,Lemon,17907324,57533,128180,102493,1027874.0,277746.04
Bassetlaw,rice,17842949,57114,128343,101456,1025775.0,923737.98
Lincoln,fine beans,18723782,60392,136546,104806,1093834.0,985498.94
Lincoln,dell inspiron laptop,18824611,60678,134948,107326,1092926.0,1624751898.0
Lincoln,Onions Loose,18766854,60407,135980,105558,1092745.0,838503.45
Lincoln,large king prawns,18502265,59780,133409,104835,1086815.0,3919663.12
Lincoln,samsung washing machine,18558553,60337,134365,105889,1086413.0,146864973.0
Lincoln,apple macbook air mid 2009,18056317,57878,130775,102737,1038820.0,1775194054.0
Lincoln,Spring onions bunch,18171566,58303,131956,102433,1038697.0,346358.07
Lincoln,apple macbook pro mid 2009,17972197,58731,131048,103152,1037973.0,1776414006.0
Lincoln,hp envy laptop,17895302,57802,130172,101606,1037218.0,1494414784.0
Lincoln,mature cheddar cheese,17774371,57559,130003,100673,1031011.0,2227458.8
South Northamptonshire,aubergine,18582669,60418,134790,105380,1089389.0,677244.79
South Northamptonshire,jam doughnut,18524482,59881,134078,103975,1089145.0,980865.3
South Northamptonshire,plastic sunshades,18614990,60658,134914,104424,1089025.0,3924660.24
South Northamptonshire,beef mince,18558604,59669,136295,104142,1086928.0,2937662.22
South Northamptonshire,chicken sausages,18497805,60163,135013,105406,1083296.0,1951500.2
South Northamptonshire,dyson washing machine,18103021,58458,133048,102444,1037600.0,280315794.0
South Northamptonshire,Brocolli loose,17937515,58441,131716,102445,1036476.0,1221430.35
South Northamptonshire,corned beef,17994090,58607,131029,102889,1036243.0,2051581.88
South Northamptonshire,vanilla yoghurt,17929764,57896,130479,101564,1030702.0,928284.62
South Northamptonshire,mild cheddar cheese,17655098,56723,130612,100059,1022898.0,2023544.59
East Lindsey,Red pepper,17252790,55679,123269,97440,1013184.0,387161.02
East Lindsey,fresh whole turkey,17091680,55177,122785,96858,1003202.0,1552581.41
East Lindsey,Almond milk,17049567,55140,121969,95412,996636.0,1726528.92
East Lindsey,salmon fillets,17221041,55617,121980,98492,996598.0,2089590.18
East Lindsey,play station 3,17053473,54988,122247,96006,994319.0,181190232.0
East Lindsey,minecraft game - xbox,16341955,52684,116918,93598,943636.0,8600295.0
East Lindsey,denim jacket,16215328,52486,116665,92180,941293.0,42049760.62
East Lindsey,silk scarf,16341750,52325,116990,93006,941093.0,114794029.24
East Lindsey,21 day mature ribeye steak,16153925,52751,114931,92628,940181.0,2990409.31
East Lindsey,Oats Milk,16192357,52577,115090,91403,937490.0,1620538.4
Hinckley and Bosworth,sea bass fillets,16561356,53227,119058,93197,974106.0,2482114.52
Hinckley and Bosworth,21 day mature sirlion steak,16502629,53076,118404,93134,972895.0,3008518.89
Hinckley and Bosworth,grey cardigan,16492674,53241,117859,93269,962893.0,17498302.4
Hinckley and Bosworth,21 day mature rump steak,16593220,53621,118810,93107,961996.0,2798311.15
Hinckley and Bosworth,pokemon gold,16486561,53431,116163,93014,961570.0,10497723.6
Hinckley and Bosworth,Fairtrade Bananas Loose,15908768,51261,113847,89625,920740.0,662798.4
Hinckley and Bosworth,fine beans,15904230,51139,113669,90655,919874.0,836564.28
Hinckley and Bosworth,flapjack,15998789,51939,114780,90379,917276.0,834171.6
Hinckley and Bosworth,pain au raisins,15887746,50770,112934,89043,916562.0,416348.81
Hinckley and Bosworth,beef mince,15793780,50997,111904,89942,912804.0,2494396.8
Nottinghamshire,macaron - x3,17067704,55215,122035,98218,994188.0,2717969.82
Nottinghamshire,lg washing machine,16821370,54545,122935,95658,991767.0,90326108.0
Nottinghamshire,corn,16904025,54506,122147,95930,991373.0,722440.24
Nottinghamshire,plastic sunshades,17051055,55052,124871,98453,989137.0,3600960.72
Nottinghamshire,Blueberry yoghurt,16962760,55077,121862,96562,988251.0,989423.66
Nottinghamshire,gameboy color,16226848,52742,117308,93559,935600.0,123576980.8
Nottinghamshire,vanilla yoghurt,16230976,53025,118309,93704,935357.0,851905.8
Nottinghamshire,aubergine,16250504,52520,119394,92941,934937.0,586385.74
Nottinghamshire,grey blazers,16114169,52121,114456,92442,932099.0,28848433.56
Nottinghamshire,grey cardigan,15887815,51175,114850,90381,921584.0,16754186.8
Lincolnshire,hotpoint washing machine,15258986,49709,108090,87081,891913.0,65643164.8
Lincolnshire,Mixed pepper,15182375,49980,109524,86103,886126.0,896432.22
Lincolnshire,british fresh chicken brest fillets,15166587,49490,109811,85142,881258.0,1867653.42
Lincolnshire,apple macbook air mid 2009,15108001,49113,109100,86308,880959.0,1540271328.0
Lincolnshire,easy peeler loose,15065624,49432,109755,85544,877283.0,1575479.87
Lincolnshire,hp dv 2000 laptop,14424021,47115,102793,82879,836550.0,999161514.0
Lincolnshire,apple macbook pro mid 2009,14462858,46582,104506,81588,836293.0,1461558926.0
Lincolnshire,unsalted butter,14543207,47223,103602,83087,836269.0,768692.14
Lincolnshire,almond croisant,14539379,47876,104392,82268,835012.0,768119.84
Lincolnshire,beef sausages,14275491,46612,102494,81331,829704.0,1909464.6
Newark and Sherwood,apple macbook pro mid 2009,15395858,49881,108638,87970,896314.0,1564929946.0
Newark and Sherwood,Fairtrade Bananas Loose,15238657,48869,108285,87563,896078.0,650780.93
Newark and Sherwood,goat cheese,15265406,49387,108789,87280,895941.0,1485086.21
Newark and Sherwood,Organic Kefir,15399872,49035,108647,87805,893930.0,1068542.89
Newark and Sherwood,silk tie,15202432,48680,108402,87484,893441.0,10671068.46
Newark and Sherwood,british fresh turkey mince,14654110,46985,103983,84035,852048.0,940496.16
Newark and Sherwood,dyson vacuum cleaner,14922385,48002,105352,84813,850943.0,547947764.0
Newark and Sherwood,Slightly salted butter,14983121,48860,106012,85434,850183.0,782397.08
Newark and Sherwood,Oats Milk,14757200,47588,103934,84958,846794.0,1480072.3
Newark and Sherwood,british fresh chicken thigh fillets,14696657,47518,104181,83636,840268.0,1855765.05
Rushcliffe,millionaire square,15485224,49869,111384,88638,912966.0,1681840.24
Rushcliffe,fresh turkey steak,15280937,49612,109593,87481,899102.0,1239980.67
Rushcliffe,god of war 2,15394162,49684,110250,87850,896858.0,16509801.6
Rushcliffe,Plain Greek yoghurt,15224847,49258,109513,87162,890588.0,818733.1
Rushcliffe,vanilla yoghurt,15234765,49484,109622,86378,888240.0,816710.48
Rushcliffe,baby potatoes,14706600,47305,105743,83628,848923.0,703684.84
Rushcliffe,silk scarf,14726919,47801,106413,83979,847886.0,104600153.44
Rushcliffe,minecraft game - xbox,14686117,47756,103893,84715,846244.0,7776834.8
Rushcliffe,dyson tower fan,14583471,47377,103805,83696,837722.0,385316210.0
Rushcliffe,skimmed milk,14408397,46687,103415,83125,828216.0,1448084.35
Castle Point,21 day mature ribeye steak,18653381,60321,134974,104388,1086557.0,3428647.53
Castle Point,wristwatch,18437580,59903,132630,104106,1079298.0,33060189.0
Castle Point,courgette loose,18588397,60365,132906,106060,1077262.0,1939303.2
Castle Point,Red pepper,18397412,59335,131889,103928,1076309.0,407409.55
Castle Point,Spring onions bunch,18596845,60189,132294,105528,1075298.0,358384.18
Castle Point,pain au chocolate,17920025,57836,127820,100550,1026471.0,555263.0
Castle Point,raspberries,17864964,57596,128837,101586,1025596.0,2077047.7
Castle Point,jam doughnut,17796321,57515,128524,99771,1024169.0,921901.24
Castle Point,British baking potatoes loose,17772598,57465,127456,100057,1019486.0,762071.19
Castle Point,pink blazers,17514667,56821,125731,98456,1015588.0,45742346.0
East Cambridgeshire,wristwatch,19041831,61800,138835,108550,1113426.0,34069243.72
East Cambridgeshire,chocolate twist,18876215,61231,136911,107416,1098380.0,987595.96
East Cambridgeshire,gaming keyboard,18858027,61044,136952,107487,1096324.0,69029842.0
East Cambridgeshire,Plain Greek yoghurt,18689176,59980,136597,107685,1092783.0,984025.34
East Cambridgeshire,21 day mature ribeye steak,18674958,60058,135329,107059,1091274.0,3438195.53
East Cambridgeshire,Mixed pepper,18164760,58789,132112,103712,1039545.0,1027932.06
East Cambridgeshire,gameboy advance,18182721,58167,132854,104071,1038748.0,144681154.0
East Cambridgeshire,Blueberry yoghurt,17975398,58418,130177,102312,1038686.0,1026816.19
East Cambridgeshire,dual shock controller,17999732,58965,130554,104416,1036200.0,46603786.0
East Cambridgeshire,chicken sausages,17951278,58259,130834,103288,1035674.0,1862857.16
Bedford Borough,chocolate fudge cake,16772549,53800,119287,97687,981005.0,1783360.04
Bedford Borough,beans,16776858,54027,120793,95698,978029.0,979222.14
Bedford Borough,apple macbook pro mid 2009,16760799,53657,121018,95662,977642.0,1689338298.0
Bedford Borough,vanilla yoghurt,16611681,52589,119335,95777,976527.0,888624.96
Bedford Borough,millionaire square,16571343,52726,117955,95664,976385.0,1775289.48
Bedford Borough,mild cheddar cheese,16011385,51352,113715,92265,927357.0,1857215.24
Bedford Borough,organic soured cream,16228846,52471,115680,93047,927236.0,844156.66
Bedford Borough,21 day mature ribeye steak,16238920,52101,115197,94135,926707.0,2953593.23
Bedford Borough,Slightly salted butter,16035456,51179,114798,92469,924748.0,841628.02
Bedford Borough,pokemon yellow,15905973,51102,114014,90450,917798.0,12523118.7
Norfolk,Fairtrade Bananas Loose,16742371,54519,120482,94704,979746.0,703846.65
Norfolk,organic soured cream,16562595,52832,119591,93812,979040.0,888320.16
Norfolk,oxford shoes,16847073,54170,120411,94697,975506.0,493076001.04
Norfolk,jam doughnut,16521231,53326,119810,93683,971749.0,884401.28
Norfolk,Lemon,16587362,53612,119149,95287,970357.0,264883.82
Norfolk,organic raspberry yoghurt,16093371,51360,114285,91175,928725.0,1181848.37
Norfolk,lg washing machine,16174181,51868,115685,91804,926828.0,84324404.0
Norfolk,grey blazers,16094004,51740,117045,91270,926578.0,28712547.12
Norfolk,easy peeler loose,16006687,51613,113833,90178,924579.0,1638559.73
Norfolk,british parsnips loose,15837845,50985,115143,90454,923057.0,705950.42
St. Edmundsbury,baby potatoes,16480848,52925,117605,95491,967822.0,793012.95
St. Edmundsbury,bosch washing machine,16331656,52833,117354,92225,959510.0,174698832.0
St. Edmundsbury,white shirt,16412155,52639,119485,94002,959271.0,204187557.6
St. Edmundsbury,vernison sausages,16494884,52877,117021,95579,959157.0,2619511.02
St. Edmundsbury,Organic Kefir,16218512,52602,115131,92598,958714.0,1134574.19
St. Edmundsbury,silk tie,15694196,50527,111922,90505,914004.0,10792514.72
St. Edmundsbury,salmon fillets,15886528,51228,114535,90509,912744.0,1911303.63
St. Edmundsbury,cheese cake,15786896,50472,113175,90550,908639.0,1650198.48
St. Edmundsbury,dyson washing machine,15879822,50607,112843,92126,908453.0,248020284.0
St. Edmundsbury,fresh turkey steak,15706421,50471,112201,89872,905883.0,1234864.71
Bedfordshire,hp envy laptop,14884297,48005,106412,84145,878071.0,1292205920.0
Bedfordshire,cheese cake,14920467,47528,107389,84696,874747.0,1610401.2
Bedfordshire,British carrots loose,15057808,48332,108399,84668,872811.0,321256.99
Bedfordshire,skimmed milk,14898379,48213,106614,82948,872645.0,1527147.49
Bedfordshire,classic bowtie,14837834,47089,105995,83866,872099.0,19257939.84
Bedfordshire,silk tie,14374420,46048,104344,81559,824528.0,9866579.58
Bedfordshire,linen trousers,14361889,46018,103497,80479,823946.0,17420395.96
Bedfordshire,hotpoint washing machine,14353949,45936,103000,81418,820172.0,60396195.2
Bedfordshire,Plain Greek yoghurt,14360327,45887,104562,81750,819937.0,754711.68
Bedfordshire,Mixed pepper,14100012,45081,102318,80172,817954.0,828125.73
Colchester,hp dv 2000 laptop,15170162,49172,108440,86847,884041.0,1056202420.0
Colchester,chocolate twist,15269297,49510,108645,88046,883022.0,813063.1
Colchester,Brocolli loose,14974658,48090,106215,85202,876737.0,1056925.43
Colchester,blue stilton cheese,14978431,48363,105451,86131,876445.0,1610404.72
Colchester,god of war 2,15204771,49356,107432,85860,875910.0,16121639.2
Colchester,dual shock controller,14450438,46514,102671,83764,836583.0,38445015.0
Colchester,minecraft game - xbox,14420291,46091,102205,83429,835292.0,7681211.4
Colchester,semi skimmed milk,14454638,46644,101864,81711,834753.0,1305078.35
Colchester,fresh whole chicken,14573131,47371,104932,83774,833454.0,1071842.16
Colchester,mild cheddar cheese,14351807,47020,101920,82268,827897.0,1675556.42
East Hertfordshire,linen shirt,15061667,47322,109565,86667,883226.0,99998704.8
East Hertfordshire,play station 3,14888303,46917,107991,84756,873295.0,160855752.0
East Hertfordshire,british fresh turkey mince,14940748,47429,107673,84569,872880.0,964398.88
East Hertfordshire,British carrots loose,14819789,47334,107063,84962,865481.0,318928.25
East Hertfordshire,raspberries,14835912,47518,108484,84141,864029.0,1789806.8
East Hertfordshire,organic raspberry yoghurt,14253054,45400,103133,81529,824069.0,1060900.19
East Hertfordshire,Sweet potatoes loose,14341654,45764,102727,81287,822173.0,831703.62
East Hertfordshire,samsung washing machine,14103836,44960,103627,80039,821327.0,113215386.0
East Hertfordshire,British baking potatoes loose,14184713,45040,102745,80582,819713.0,626739.53
East Hertfordshire,linen trousers,14315490,45690,104296,81767,819185.0,17326731.22
Uttlesford,classic bowtie,15535442,49885,114051,87762,904198.0,19974928.32
Uttlesford,fresh turkey steak,15501053,49317,112583,89295,899700.0,1241473.35
Uttlesford,mild cheddar cheese,15432613,49305,112960,87551,897611.0,1818442.34
Uttlesford,corned beef,15368031,48969,112684,87051,896368.0,1814651.3
Uttlesford,pain au raisins,15351285,49164,112762,88219,894304.0,410466.28
Uttlesford,beef sausages,14793646,47639,109897,83907,852297.0,1960093.85
Uttlesford,cotton tie,14735639,47770,107363,84654,851911.0,97423253.6
Uttlesford,blue stilton cheese,14666259,47682,107018,83605,850195.0,1563527.24
Uttlesford,easy peeler loose,14712747,46994,107595,84380,845565.0,1518161.87
Uttlesford,dell inspiron laptop,14739066,47096,107095,84705,843751.0,1281332283.0
Ceredigion,Almond milk,18369540,59327,135677,105702,1067944.0,1830906.12
Ceredigion,denim jeams,18215904,59261,135009,104786,1066471.0,28830864.6
Ceredigion,olive oil spread,18411395,59229,135943,106040,1063769.0,1724034.5
Ceredigion,british bramley cooking apples,18179365,58486,134399,105375,1063698.0,1686501.62
Ceredigion,sea bass fillets,18125167,58747,132962,104146,1062361.0,2680998.31
Ceredigion,free range large eggs x12,17705665,57192,129888,102873,1017343.0,1373499.27
Ceredigion,Brocolli loose,17572617,56717,128619,101389,1015768.0,1196508.48
Ceredigion,plastic sunshades,17475970,56604,129877,100499,1013640.0,3649506.24
Ceredigion,dyson vacuum cleaner,17454107,56161,129232,100886,1012453.0,638029868.0
Ceredigion,brenton jumper,17426157,56362,127480,100083,1003829.0,47922057.28
Flintshire,fresh whole chicken,18601609,60361,134423,108116,1097635.0,1387943.03
Flintshire,croisant ,18714328,60144,136647,107641,1094740.0,987724.28
Flintshire,sea bass fillets,18663759,59937,134505,106597,1092301.0,2758130.58
Flintshire,wristwatch,18740432,59920,135080,107673,1091494.0,33460037.16
Flintshire,custard doughnut,18617814,59167,134993,107127,1090912.0,985180.9
Flintshire,mild cheddar cheese,18062978,57629,131038,105004,1049996.0,2082692.51
Flintshire,organic raspberry yoghurt,18087266,58279,131339,104046,1047574.0,1321459.52
Flintshire,grey blazers,18155867,58226,130875,105691,1046741.0,32092787.68
Flintshire,lg washing machine,18228058,58650,132660,105248,1045387.0,94224600.0
Flintshire,denim jeams,18196365,58841,130336,105078,1040458.0,28157150.4
Swansea,diced vernison,18670650,60107,130420,105691,1089051.0,2937482.16
Swansea,brenton jumper,18568814,60220,128593,104609,1077169.0,51476916.74
Swansea,olive oil spread,18576634,59932,128996,104801,1076193.0,1743817.8
Swansea,custard doughnut,18359139,59216,128860,104258,1073199.0,966463.42
Swansea,semi skimmed milk,18332802,59475,126916,103427,1071080.0,1640326.21
Swansea,x-box 360,17957524,57450,124788,101539,1028384.0,212893414.2
Swansea,pain au raisins,17824543,57315,124548,102071,1025924.0,461430.4
Swansea,Lemon,17691297,56853,122868,101041,1024946.0,276464.91
Swansea,rice,17841046,57665,124941,101523,1024756.0,922944.74
Swansea,raspberries,17645029,57605,123689,101233,1021118.0,2065817.93
Barry,pink blazers,17035860,54386,126086,96603,991254.0,45211981.0
Barry,Fairtrade Bananas Loose,17005693,54093,123969,95517,984730.0,710086.08
Barry,corn,16653020,53413,121762,93904,982074.0,716998.92
Barry,pokemon blue,16912602,54095,122296,95083,982026.0,10728660.72
Barry,british parsnips loose,16794097,54448,122716,96311,980848.0,751511.41
Barry,halo combat evolved,16215358,52113,118698,93368,939229.0,17996283.9
Barry,silk tie,16265884,52317,118774,92065,938961.0,11139525.28
Barry,semi skimmed milk,16197179,51949,118288,92189,936633.0,1451781.19
Barry,denim jacket,16035527,51852,115413,92174,927489.0,41388858.42
Barry,corned beef,15931265,51329,116418,91436,925642.0,1857847.61
Bridgend,vernison sausages,16819364,54304,120420,96959,991045.0,2705038.92
Bridgend,x-box 360,16831066,54532,119970,97397,988854.0,206951069.8
Bridgend,21 day mature ribeye steak,16956295,54944,120921,97647,988611.0,3148564.51
Bridgend,gameboy advance,16948394,55019,120811,96534,988592.0,139545238.3
Bridgend,courgette loose,16837547,54844,119672,97999,986386.0,1794413.0
Bridgend,cod fillets,16239025,52714,114918,93449,943103.0,1717408.16
Bridgend,pokemon gold,16262922,51896,114755,92761,941117.0,10270167.6
Bridgend,vanilla yoghurt,16245121,53124,115399,92651,940474.0,856047.78
Bridgend,wristwatch,16362014,52938,116342,93177,938492.0,29068641.36
Bridgend,play station 3,16117728,52548,114296,91485,937934.0,170637160.0
Powys,gaming mouse,16562966,53183,118256,93825,970679.0,66150274.5
Powys,diced chicken breast,16526897,52824,117482,95075,969817.0,2646877.26
Powys,Brocolli loose,16548971,53074,117658,95112,965746.0,1150542.45
Powys,Mixed pepper,16559417,53354,117814,95335,965233.0,966712.88
Powys,Organic mILK,16407596,53234,116711,93400,963756.0,1312930.53
Powys,british parsnips loose,16008818,51099,114400,91545,919959.0,702699.99
Powys,millionaire square,15962663,51066,113298,91175,918858.0,1672364.48
Powys,white shirt,15811527,50584,113561,90451,916890.0,195186747.6
Powys,linen trousers,15978634,51002,115129,90192,914569.0,19136849.16
Powys,silk scarf,15763002,50603,112839,89903,905245.0,110251236.28
Rhoose,chocolate twist,16772713,54351,120477,96683,988082.0,898891.14
Rhoose,gaming keyboard,16813395,55155,119262,97362,985821.0,62798873.2
Rhoose,white shirt,16788622,53899,119691,96613,984896.0,209406838.68
Rhoose,dyson tower fan,16857526,54810,120014,95453,984524.0,447845330.0
Rhoose,mild cheddar cheese,16823340,53960,120373,94620,983800.0,1969876.27
Rhoose,x-box 360,16134040,52878,115482,92868,937826.0,196160790.0
Rhoose,beef sausages,16123889,52142,115779,93553,936884.0,2130406.35
Rhoose,gameboy color,16117389,52058,114555,93171,935302.0,123177833.5
Rhoose,custard doughnut,16244636,52234,115656,92528,935210.0,850366.08
Rhoose,garlic,16097881,51826,115035,92825,929736.0,211616.43
Bargoed,Fairtrade Bananas Loose,15263689,49573,111926,88122,880815.0,641240.26
Bargoed,silk scarf,15021150,47770,109727,85788,879801.0,108473675.36
Bargoed,apple macbook pro mid 2009,14900758,47326,109163,84522,876381.0,1535292720.0
Bargoed,British baking potatoes loose,15086121,48206,111093,85792,876129.0,669517.67
Bargoed,organic soured cream,15015634,48396,111237,85409,875950.0,806436.6
Bargoed,British carrots loose,14473381,46408,106740,82369,837281.0,308574.84
Bargoed,garlic,14441076,46335,106234,82295,835964.0,192486.67
Bargoed,fresh turkey steak,14457167,46432,105752,81381,834381.0,1152811.11
Bargoed,denim jeams,14547749,47425,106905,82990,829129.0,22899860.4
Bargoed,play station 3,14212723,45604,104530,80497,819988.0,150886000.0
Isle of Anglesey,plastic sunshades,15420299,50201,112237,88536,901769.0,3318305.84
Isle of Anglesey,Mixed pepper,15375509,49705,111877,88247,900432.0,910824.2
Isle of Anglesey,Organic mILK,15319646,49821,112323,88531,899783.0,1242345.99
Isle of Anglesey,mature cheddar cheese,15399873,49992,112881,89915,897888.0,1979824.18
Isle of Anglesey,classic bowtie,15373943,49917,111545,89123,895278.0,19763371.68
Isle of Anglesey,vernison sausages,14900215,48166,109737,87239,855956.0,2361497.34
Isle of Anglesey,pokemon yellow,14952587,47803,110113,86207,855902.0,11801143.5
Isle of Anglesey,diced chicken breast,14743098,47466,106877,84975,848852.0,2344037.22
Isle of Anglesey,British carrots loose,14676702,47680,107175,84455,846593.0,312001.53
Isle of Anglesey,unsalted butter,14652619,48092,107198,83835,840173.0,773981.86
Neath Port Talbot,blue stilton cheese,15220559,49800,108320,87881,888086.0,1631877.88
Neath Port Talbot,shortbread,15226685,49359,107639,86750,886188.0,815335.72
Neath Port Talbot,dyson tower fan,15101670,48529,106849,86269,885097.0,407095190.0
Neath Port Talbot,Spring onions bunch,15180357,49382,108377,86640,883291.0,300573.2
Neath Port Talbot,almond croisant,15123707,48812,107416,86372,883163.0,811667.08
Neath Port Talbot,21 day mature ribeye steak,14640556,47526,105141,83843,843426.0,2720037.18
Neath Port Talbot,chocolate fudge cake,14604174,47231,104544,82136,842803.0,1552616.64
Neath Port Talbot,apple macbook air mid 2009,14264793,45752,100885,81087,834185.0,1457496156.0
Neath Port Talbot,Red pepper,14506995,47132,102767,83402,831196.0,321181.71
Neath Port Talbot,linen trousers,14323480,46439,102257,82226,825500.0,17467851.4
Wrexham,sea bass fillets,14829776,47978,106994,84046,872126.0,2248595.06
Wrexham,diced chicken breast,14752703,48499,105914,83386,869775.0,2398340.7
Wrexham,oxford shoes,14807116,47862,108090,83801,864094.0,441712743.28
Wrexham,brenton jumper,14867961,47878,105680,84566,861221.0,42000043.98
Wrexham,british parsnips loose,14730755,48163,106673,82448,861005.0,665131.77
Wrexham,corned beef,14297095,46505,103103,80232,824172.0,1667576.82
Wrexham,Spring onions bunch,14214326,46679,101585,79923,823621.0,279903.84
Wrexham,jam doughnut,14403496,46740,104792,80636,820870.0,752989.46
Wrexham,celery,14378207,46383,102945,82661,820155.0,317024.47
Wrexham,halo combat evolved,14000892,46190,101181,78898,809751.0,15624964.32
Cheshire East,chocolate twist,18507278,58919,133358,107186,1080339.0,970650.64
Cheshire East,british bramley cooking apples,18438207,59067,132634,105108,1079248.0,1705906.03
Cheshire East,Plain Greek yoghurt,18500957,58247,134280,106579,1076649.0,967092.58
Cheshire East,dyson tower fan,18392730,58613,132787,104671,1075829.0,483986370.0
Cheshire East,organic soured cream,18461042,58390,133635,105397,1075118.0,966617.2
Cheshire East,Fairtrade Bananas Loose,17929452,57686,127587,101775,1033233.0,734391.12
Cheshire East,Mixed pepper,17901033,57613,129277,101931,1032677.0,1022436.41
Cheshire East,beef mince,17811553,57058,127255,101883,1031501.0,2777235.3
Cheshire East,baby potatoes,17822158,57124,127961,101057,1028002.0,831889.62
Cheshire East,unsalted butter,17695487,57042,126257,101931,1025725.0,922705.12
Fylde,grey cardigan,18679573,61090,130622,106765,1087692.0,19622903.2
Fylde,linen trousers,18423486,59343,129606,103746,1080612.0,22375337.02
Fylde,diced vernison,18483693,60394,129731,105150,1077382.0,2908391.76
Fylde,british bramley cooking apples,18472309,59686,130861,104079,1077235.0,1709044.81
Fylde,aubergine,18564887,60499,129743,105619,1075795.0,669355.31
Fylde,cotton tie,17816685,57880,125777,102201,1028309.0,114782489.76
Fylde,diced chicken breast,17677668,57921,124649,100327,1024934.0,2767260.0
Fylde,croisant ,17810985,57552,125970,100509,1024140.0,922830.84
Fylde,british fresh chicken thigh fillets,17865281,58635,126924,101995,1023628.0,2211415.01
Fylde,classic bowtie,17631625,57699,123025,100166,1014927.0,21943428.48
Sefton,Lemon,18401744,58849,134011,104925,1080721.0,292534.79
Sefton,skimmed milk,18594781,59939,136571,104848,1076109.0,1842377.11
Sefton,olive oil spread,18542707,59635,135547,103467,1076009.0,1745041.07
Sefton,denim jeams,18274916,58439,133869,103818,1075466.0,29103226.2
Sefton,bosch washing machine,18321130,58571,132871,102448,1071076.0,193123000.0
Sefton,courgette loose,17780927,57051,128957,100244,1029679.0,1856393.68
Sefton,pokemon yellow,17819708,57267,131783,100824,1027226.0,13905928.5
Sefton,lg washing machine,18010116,57979,130776,102488,1025736.0,92411562.0
Sefton,blue stilton cheese,17654162,56111,129354,99211,1019498.0,1839130.96
Sefton,shortbread,17750748,56585,131699,99494,1018471.0,917435.46
Wyre,red velvet cake,18672641,59742,136334,106576,1088300.0,1958594.96
Wyre,gameboy advance,18636955,59615,135308,105401,1086440.0,151720054.3
Wyre,semi skimmed milk,18564192,59304,135297,105663,1086315.0,1661774.98
Wyre,hotpoint washing machine,18601016,59827,135619,106755,1080548.0,77937561.6
Wyre,Lemon,18561899,59249,136329,106195,1078906.0,291322.71
Wyre,oxford shoes,17947386,57569,129897,101402,1032013.0,515855888.16
Wyre,plastic sunshades,17985649,58058,131795,103041,1031801.0,3715120.16
Wyre,scottish salmon,18020112,57569,132780,103051,1031009.0,3712936.96
Wyre,god of war 2,17743913,57106,128142,101055,1029517.0,18535135.6
Wyre,mild cheddar cheese,17738112,56434,129160,100656,1028771.0,2035844.05
Chorley,unsalted butter,16821305,54103,120609,97216,992793.0,903400.52
Chorley,beef sausages,16770848,53875,120561,96364,987338.0,2245986.7
Chorley,Mixed pepper,16897638,54133,121004,96942,986868.0,987162.27
Chorley,Blueberry yoghurt,16940607,54484,122944,96815,985060.0,987341.0
Chorley,beef mince,16906383,54272,121257,96095,983747.0,2689387.74
Chorley,mild cheddar cheese,16252934,51886,116500,94629,938416.0,1878206.37
Chorley,cheese cake,16269079,52236,118187,94372,937004.0,1705552.52
Chorley,silk tie,16329406,52020,117879,93469,935731.0,11058657.22
Chorley,chocolate fudge cake,16079599,52127,118555,93793,934063.0,1698284.24
Chorley,hp envy laptop,16253466,52695,116188,92653,930207.0,1356611136.0
Lancashire,hp envy laptop,15252638,49334,110020,88206,894234.0,1315077568.0
Lancashire,Organic Kefir,15313717,49791,108549,87781,892691.0,1068002.85
Lancashire,Mixed pepper,15184450,49349,107574,86957,888147.0,898849.0
Lancashire,scottish salmon,15222880,48957,108124,87126,887150.0,3265637.76
Lancashire,salmon fillets,15162547,49329,107512,87061,886589.0,1876933.45
Lancashire,fresh whole chicken,14628079,47034,103492,84213,846092.0,1089172.21
Lancashire,pokemon gold,14565515,47049,102179,83319,844329.0,9318316.08
Lancashire,sea bass fillets,14608000,47361,103800,83988,843779.0,2173520.31
Lancashire,chocolate fudge cake,14575680,47447,103959,83395,843239.0,1552380.8
Lancashire,grey blazers,14520915,46854,103770,83635,842555.0,26332447.16
Chiltern,samsung washing machine,18237415,58362,128540,102324,1073855.0,144920169.0
Chiltern,oxford shoes,18275681,58273,127646,102090,1072427.0,536138934.96
Chiltern,organic soured cream,18203007,58896,127910,102052,1068166.0,959792.9
Chiltern,skimmed milk,18330384,59665,127720,103284,1062494.0,1816617.06
Chiltern,pokemon blue,18116650,58187,126839,102572,1062432.0,11470764.0
Chiltern,jam doughnut,17789855,57656,123293,100164,1022157.0,918484.7
Chiltern,Brocolli loose,17567969,56806,123321,99861,1021807.0,1202460.82
Chiltern,play station 3,17709717,56853,121896,99655,1019535.0,183492196.0
Chiltern,pain au chocolate,17655136,57281,122974,99740,1016194.0,548044.63
Chiltern,dyson washing machine,17357329,56077,119929,97460,1002346.0,270609582.0
East Sussex,classic bowtie,18420783,59230,130464,105561,1074090.0,23178457.44
East Sussex,large king prawns,18303568,59215,129431,105145,1073454.0,3860146.8
East Sussex,pokemon yellow,18382239,59323,130228,105444,1073381.0,14472143.1
East Sussex,british fresh chicken thigh fillets,18273640,58925,129632,104838,1068584.0,2304534.88
East Sussex,denim jeams,18418990,59253,130101,105465,1068121.0,28830187.2
East Sussex,skimmed milk,17880241,58115,126887,102821,1027382.0,1752818.07
East Sussex,jam doughnut,17717572,57289,125867,100532,1026202.0,922851.88
East Sussex,unsalted butter,17646636,57470,124897,100648,1022898.0,918880.9
East Sussex,british parsnips loose,17640969,56478,125571,100489,1022585.0,772751.68
East Sussex,wristwatch,17592883,56698,124909,100982,1021254.0,31232999.08
Epsom and Ewell,cotton tie,18757598,61332,133634,107210,1087363.0,121323326.08
Epsom and Ewell,semi skimmed milk,18636672,60081,133763,105682,1082235.0,1656683.94
Epsom and Ewell,custard doughnut,18503566,60158,131089,105726,1080532.0,972261.74
Epsom and Ewell,pokemon red,18390772,59876,132819,105044,1078080.0,10659972.62
Epsom and Ewell,large king prawns,18370507,60030,132823,104373,1077656.0,3877540.4
Epsom and Ewell,brenton jumper,17989876,58653,128557,102818,1034712.0,49363287.34
Epsom and Ewell,grey cardigan,17885292,57628,127883,103000,1034387.0,18635734.8
Epsom and Ewell,beef mince,18030175,58708,129034,103680,1031871.0,2784608.46
Epsom and Ewell,skimmed milk,17772617,57649,127704,101705,1030148.0,1763854.78
Epsom and Ewell,beef sausages,17673976,57588,126729,100937,1021915.0,2302367.85
Kent,halo combat evolved,18314391,58686,131410,103769,1076968.0,20341163.22
Kent,linen trousers,18207461,59083,129670,105132,1068680.0,22118313.86
Kent,salmon fillets,18455814,59342,131386,104201,1063443.0,2205861.78
Kent,apple macbook air mid 2009,18330665,59283,130368,104592,1063417.0,1818862628.0
Kent,21 day mature ribeye steak,18193375,58450,129212,102463,1060005.0,3335912.3
Kent,Onions Loose,17671794,56142,124424,99384,1022760.0,783322.41
Kent,hp envy laptop,17659531,56918,127247,100033,1021674.0,1470821120.0
Kent,dell inspiron laptop,17756439,57268,126977,99663,1020176.0,1516067784.0
Kent,plastic sunshades,17688233,57352,126898,100030,1017396.0,3668902.16
Kent,diced vernison,17548545,56683,125380,98430,1015745.0,2742953.76
Mole Valley,grey cardigan,18348788,59775,133579,103785,1077375.0,19402235.6
Mole Valley,fresh whole chicken,18254737,59615,131112,102998,1064175.0,1344196.26
Mole Valley,brenton t-shirt,18180891,58559,130760,103253,1062328.0,53519849.6
Mole Valley,chocolate fudge cake,18155320,59171,132601,102392,1061826.0,1910986.52
Mole Valley,minecraft game - xbox,17889144,57830,129862,100373,1061303.0,9551018.8
Mole Valley,Blueberry yoghurt,17508169,57429,127150,98432,1006752.0,995532.61
Mole Valley,british fresh turkey mince,17762495,58693,128689,99792,1005697.0,1085983.59
Mole Valley,cod fillets,17373399,56538,125992,97142,1005281.0,1810965.76
Mole Valley,beans,17488028,56772,126119,98612,1004803.0,994774.55
Mole Valley,cheese cake,17482423,57062,127009,98617,1004257.0,1807778.8
Bracknell Forest,linen trousers,17129993,55816,124419,98868,993507.0,20805177.16
Bracknell Forest,British carrots loose,16954524,54830,121324,98005,991179.0,360986.96
Bracknell Forest,mild cheddar cheese,16913564,54802,122703,96322,989733.0,1978846.26
Bracknell Forest,millionaire square,16901866,54986,121626,97072,988580.0,1797296.96
Bracknell Forest,Plain Greek yoghurt,17053761,55423,121646,97035,988476.0,900541.52
Bracknell Forest,dell inspiron laptop,16420188,53367,117916,93446,949210.0,1425271947.0
Bracknell Forest,skimmed milk,16438775,52911,118929,94658,946383.0,1638289.2
Bracknell Forest,gameboy advance,16170704,52529,117659,91159,942313.0,132954579.4
Bracknell Forest,Onions Loose,16301565,52795,117536,92866,937464.0,725180.73
Bracknell Forest,grey blazers,16247154,52493,117134,92719,933555.0,28893097.32
Fareham,apple macbook pro mid 2009,16721103,54276,118793,94979,977971.0,1694326748.0
Fareham,dyson washing machine,16809395,54712,119803,94532,972754.0,265850844.0
Fareham,Red pepper,16751290,54644,118329,94340,970630.0,371501.19
Fareham,garlic,16632217,54753,118418,94443,970186.0,220975.96
Fareham,british bramley cooking apples,16736830,54161,118876,94943,969595.0,1553310.29
Fareham,fresh whole turkey,16178613,52918,114201,91449,926249.0,1434066.9
Fareham,dell inspiron laptop,16051855,52141,114604,90934,926070.0,1391479353.0
Fareham,wellington boots,16067811,52314,115361,91618,925387.0,20219161.92
Fareham,celery,16007370,52443,113912,91661,924508.0,353805.67
Fareham,god of war 2,16055802,52188,112905,90276,923897.0,16831444.4
Hampshire,hp dv 3000 laptop,16813616,55281,120698,94531,990077.0,1261744232.0
Hampshire,play station 3,16924457,54651,120116,95085,989549.0,180407792.0
Hampshire,raspberries,16875967,54834,120936,95446,985719.0,2019249.24
Hampshire,fresh whole turkey,16692741,53957,120239,94982,983280.0,1522985.74
Hampshire,Soy Milk,16779068,54006,119385,95159,981063.0,1696570.99
Hampshire,british fresh turkey mince,16285811,52833,116224,93791,939532.0,1027819.14
Hampshire,bosch washing machine,16111514,52977,114935,91667,937495.0,170555308.0
Hampshire,Lemon,16380109,53002,116128,91586,937381.0,256145.47
Hampshire,fresh whole chicken,16127904,52031,114814,92031,935182.0,1191629.22
Hampshire,jam doughnut,16226795,52440,116783,91507,934035.0,849864.26
Isle of Wight,oxford shoes,16807676,54473,120188,95582,979906.0,496257722.16
Isle of Wight,x-box 360,16782701,54508,120697,95380,976128.0,204024660.2
Isle of Wight,british parsnips loose,16646116,53498,118688,94379,973725.0,744097.42
Isle of Wight,pink blazers,16647816,53415,119848,94728,970810.0,44136817.0
Isle of Wight,organic raspberry yoghurt,16821364,54348,122624,95529,969991.0,1235714.71
Isle of Wight,wristwatch,16025427,52042,115937,91451,924074.0,28630533.0
Isle of Wight,god of war 2,16008703,52306,116294,92235,923357.0,16780430.0
Isle of Wight,pokemon blue,16019593,51963,115658,91274,920235.0,10060540.56
Isle of Wight,red velvet cake,15968910,51746,114600,91472,917595.0,1670557.28
Isle of Wight,chicken sausages,15708921,50459,113440,90792,911895.0,1659881.28
Oxford,oxford shoes,16883345,53986,122508,96245,982379.0,496476274.64
Oxford,goat cheese,16858579,53594,121621,95075,981266.0,1603064.5
Oxford,pain au chocolate,16820556,53709,121182,95370,979220.0,533378.17
Oxford,Sweet potatoes loose,16804647,53378,120679,94918,978457.0,977337.6
Oxford,custard doughnut,16641467,53604,121183,95418,977986.0,889476.04
Oxford,sea bass fillets,16109150,51429,116209,90883,925910.0,2356311.61
Oxford,cotton tie,15931733,50486,114928,90848,923224.0,104081508.0
Oxford,hotpoint washing machine,15998507,51270,116431,91150,922126.0,67067585.6
Oxford,fresh whole chicken,16012566,50784,115152,91432,921190.0,1171642.48
Oxford,dyson vacuum cleaner,15996646,51545,115613,91330,918013.0,583658320.0
Reigate and Banstead,corned beef,15306083,50457,109641,88218,890737.0,1806064.74
Reigate and Banstead,fresh whole turkey,15293913,49850,108472,87889,889726.0,1393591.58
Reigate and Banstead,pain au chocolate,15082082,48907,106669,87024,887508.0,490509.93
Reigate and Banstead,vernison sausages,15203541,49422,106957,87440,887477.0,2456172.24
Reigate and Banstead,jam doughnut,15273633,49800,107800,87090,886728.0,817185.4
Reigate and Banstead,unsalted butter,14675178,48163,103034,84421,841540.0,775642.56
Reigate and Banstead,brenton jumper,14433105,47270,102749,82891,837999.0,40904646.34
Reigate and Banstead,denim jeams,14406440,46930,102222,82982,833012.0,23000482.8
Reigate and Banstead,corn,14606236,47465,102185,83776,831986.0,613056.81
Reigate and Banstead,Sweet potatoes loose,14487340,47345,101678,84718,827631.0,838774.34
Sevenoaks,dyson tower fan,15093498,48954,108156,87082,893013.0,410588700.0
Sevenoaks,british parsnips loose,15121744,48610,109471,86928,881109.0,680510.45
Sevenoaks,wellington boots,15109687,48567,109613,86773,877258.0,19361652.48
Sevenoaks,grey blazers,15174345,49261,109162,86536,876357.0,27406288.88
Sevenoaks,apple macbook pro mid 2009,14930508,47550,108536,86380,875052.0,1530108152.0
Sevenoaks,british fresh chicken brest fillets,14632272,46546,105256,84792,836009.0,1769905.01
Sevenoaks,celery,14466614,46540,104585,83967,834869.0,322283.51
Sevenoaks,organic soured cream,14368260,46263,103405,82733,832967.0,767026.58
Sevenoaks,custard doughnut,14333753,46162,104156,81719,832874.0,766192.86
Sevenoaks,olive oil spread,14408124,46497,103726,82414,826449.0,1368256.57
Shepway,mild cheddar cheese,15422467,50006,111143,88232,902751.0,1827322.1
Shepway,dyson washing machine,15283163,48888,108388,87398,898210.0,247887462.0
Shepway,apple macbook pro mid 2009,15347968,48996,110120,86951,894464.0,1564339350.0
Shepway,chocolate twist,15228714,49381,107661,86909,894439.0,822361.6
Shepway,brenton t-shirt,15430196,49590,111382,88989,894428.0,46040635.2
Shepway,raspberries,14639987,46582,105424,83525,845799.0,1748326.22
Shepway,gameboy advance,14843635,47474,105688,84555,845472.0,120488285.9
Shepway,dual shock controller,14661868,47193,104395,83061,842808.0,38760629.0
Shepway,21 day mature ribeye steak,14781186,47471,105861,83698,842734.0,2713789.68
Shepway,linen trousers,14682559,46998,105363,83415,841718.0,17806331.36
West Oxfordshire,Spring onions bunch,15422705,49383,106637,88679,906840.0,309032.28
West Oxfordshire,easy peeler loose,15237006,48515,106848,87499,890760.0,1598563.09
West Oxfordshire,dell inspiron laptop,15085866,47373,104663,85788,885653.0,1345431813.0
West Oxfordshire,scottish salmon,14949326,47446,103796,85266,883693.0,3260182.32
West Oxfordshire,organic raspberry yoghurt,15007656,47461,104796,84952,878556.0,1133055.75
West Oxfordshire,apple macbook air mid 2009,14561833,46753,101931,82353,836366.0,1463458812.0
West Oxfordshire,millionaire square,14366272,45991,100367,82633,831281.0,1530906.52
West Oxfordshire,halo combat evolved,14430849,45741,101219,81085,830207.0,16047643.92
West Oxfordshire,british bramley cooking apples,14202498,45160,98458,80119,827012.0,1338867.13
West Oxfordshire,Oats Milk,14067844,44957,98524,80206,811012.0,1418841.88
Dorset,macaron - x3,18475906,59941,132436,104885,1082275.0,2925062.88
Dorset,apple macbook pro mid 2009,18360728,58978,131332,104561,1078315.0,1844029496.0
Dorset,dual shock controller,18649457,59848,135455,107186,1078026.0,48587411.0
Dorset,jam doughnut,18341273,59935,131693,105952,1073252.0,968204.16
Dorset,brenton jumper,18296630,58841,131063,104696,1069668.0,51093540.18
Dorset,fresh whole chicken,17602838,56579,126834,101213,1022842.0,1288400.26
Dorset,beef mince,17647634,57131,126393,100768,1018540.0,2751015.06
Dorset,Organic mILK,17777054,57333,128351,101957,1015901.0,1374377.49
Dorset,free range large eggs x12,17765054,56944,128028,101842,1013846.0,1372366.38
Dorset,flapjack,17577460,57348,127402,101041,1009887.0,910160.42
East Devon,corned beef,18536749,60045,131488,106775,1068271.0,2117767.52
East Devon,skimmed milk,18232243,58546,129644,105098,1067952.0,1827955.83
East Devon,fresh whole chicken,18308361,59152,129721,104328,1067552.0,1345246.72
East Devon,dyson washing machine,18014428,58469,128273,103625,1066972.0,288330786.0
East Devon,fine beans,18187781,58456,129502,103895,1060524.0,955110.04
East Devon,macaron - x3,17647249,57022,125651,100806,1017030.0,2746002.6
East Devon,gameboy advance,17729950,57339,126130,101048,1014888.0,141390383.1
East Devon,brenton jumper,17381450,56056,123388,98601,1011906.0,48271959.04
East Devon,olive oil spread,17596722,57069,125619,101409,1011038.0,1636997.44
East Devon,pain au chocolate,17549024,56875,124422,101135,1001485.0,541008.08
Forest of Dean,cod fillets,18700980,60667,134394,107394,1093276.0,1968032.84
Forest of Dean,Onions Loose,18451188,60183,132560,106785,1077385.0,824025.9
Forest of Dean,grey blazers,18354934,59231,133392,104427,1074225.0,32915869.88
Forest of Dean,british parsnips loose,18366796,59137,133144,105724,1072746.0,811226.01
Forest of Dean,mature cheddar cheese,18366409,59533,133755,106111,1072140.0,2314050.89
Forest of Dean,wristwatch,17723700,57344,128459,101210,1025315.0,31351480.92
Forest of Dean,british fresh chicken brest fillets,17736263,56935,128306,102565,1022173.0,2118749.63
Forest of Dean,shortbread,17631140,56723,127513,102182,1021087.0,919104.82
Forest of Dean,Soy Milk,17706241,57346,127500,102270,1014842.0,1736589.3
Forest of Dean,denim jeams,17699266,57500,128207,101622,1014283.0,27373660.8
West Somerset,Almond milk,16569920,53842,117483,95436,970154.0,1680656.57
West Somerset,grey blazers,16456884,53363,117845,93831,962770.0,29814519.08
West Somerset,aubergine,16406519,53306,115407,93195,962129.0,604764.36
West Somerset,shortbread,16582703,53803,116949,94454,962059.0,878325.82
West Somerset,Sweet potatoes loose,16569887,53705,117049,95614,960731.0,962510.96
West Somerset,red velvet cake,15852181,51586,112891,91603,918064.0,1673010.96
West Somerset,corn,15880288,51717,112696,89941,917810.0,668125.9
West Somerset,hotpoint washing machine,15800230,51371,112033,90221,915747.0,66826795.2
West Somerset,scottish salmon,16098253,51834,114851,92971,914971.0,3335653.92
West Somerset,corned beef,15876201,51126,111300,90896,912495.0,1828134.06
Greater London,wellington boots,18763955,60599,135400,107433,1096580.0,23700929.28
Greater London,pain au raisins,18675368,60632,134795,106348,1085108.0,488775.57
Greater London,fine beans,18435753,59180,133975,106079,1078582.0,972477.38
Greater London,cheese cake,18540566,59896,133328,106924,1075347.0,1937763.28
Greater London,beef sausages,18492008,59349,132431,104135,1075101.0,2421526.65
Greater London,garlic,17818937,57330,127065,100492,1028057.0,231581.5
Greater London,grey blazers,17746438,56902,125935,100849,1024578.0,31377786.72
Greater London,apple macbook air mid 2009,17815038,56904,128007,101325,1023848.0,1753015240.0
Greater London,plastic sunshades,17546712,56865,126665,100828,1020734.0,3675803.68
Greater London,Blueberry yoghurt,17686123,57085,127705,101553,1018635.0,1009765.22
Haringey,british fresh chicken brest fillets,18342532,58758,131822,106020,1075159.0,2225230.3
Haringey,god of war 2,18362582,59106,130273,105541,1075022.0,19353470.8
Haringey,pain au raisins,18300100,58766,130371,105704,1072839.0,483024.91
Haringey,silk scarf,18278063,59099,130086,104775,1072636.0,129339879.32
Haringey,organic soured cream,18527487,59240,132471,105964,1069566.0,961258.84
Haringey,Slightly salted butter,17488322,55775,125398,100461,1021429.0,919871.56
Haringey,British baking potatoes loose,17603129,56548,125684,101135,1018923.0,761856.38
Haringey,pokemon yellow,17641336,56690,126611,101302,1011705.0,13666110.3
Haringey,scottish salmon,17389204,55998,125034,100827,1006364.0,3620420.16
Haringey,custard doughnut,17431634,56085,124751,101212,1004675.0,904145.78
Lambeth,shortbread,18592086,59870,135922,107268,1080571.0,972125.66
Lambeth,almond croisant,18302376,58972,135046,104717,1072575.0,965814.1
Lambeth,beans,18334273,59116,134232,104838,1071062.0,1060553.35
Lambeth,pokemon red,18151383,59029,132470,103397,1071021.0,10611692.52
Lambeth,raspberries,18279263,58527,133327,104403,1070931.0,2166557.96
Lambeth,scottish salmon,17750003,57605,130397,101881,1027944.0,3701522.88
Lambeth,aubergine,17649568,56558,128834,100207,1027535.0,638458.03
Lambeth,flapjack,17816822,57522,132060,101778,1022175.0,919545.56
Lambeth,god of war 2,17727912,57923,129553,102017,1019503.0,18357922.4
Lambeth,rice,17699528,57235,129534,100401,1018484.0,916131.96
Newham,21 day mature sirlion steak,18431104,60019,136958,105308,1078244.0,3298891.1
Newham,pokemon yellow,18353785,59615,137144,104003,1074000.0,14468622.6
Newham,Soy Milk,18325984,60177,137748,104283,1070891.0,1829123.61
Newham,garlic,18432778,59624,137373,103091,1069989.0,240497.42
Newham,Blueberry yoghurt,18322300,59800,136282,104275,1069597.0,1058505.81
Newham,hotpoint washing machine,17578195,57019,129956,101476,1024389.0,73647966.4
Newham,rice,17793540,57441,132679,101497,1024291.0,918904.86
Newham,plastic sunshades,17768013,57673,132000,102302,1020870.0,3676012.88
Newham,salmon fillets,17707298,57314,131548,100188,1019278.0,2106769.04
Newham,Organic mILK,17608688,57213,130165,101512,1012146.0,1366756.77
Harrow,Slightly salted butter,16700174,54065,118051,95404,976639.0,887885.28
Harrow,olive oil spread,16520531,52903,117168,95071,976180.0,1597390.41
Harrow,organic soured cream,16712133,53818,118895,96479,972200.0,884189.24
Harrow,large king prawns,16718829,54733,119821,95788,970732.0,3537646.48
Harrow,gameboy color,16629579,53228,118108,94751,970647.0,127966600.6
Harrow,dyson vacuum cleaner,16095717,52075,115324,92530,928642.0,591570560.0
Harrow,gaming mouse,16165664,51782,115329,93936,928181.0,63214708.5
Harrow,british fresh chicken brest fillets,16136046,52863,115454,92656,924787.0,1935737.24
Harrow,pokemon blue,16125921,52725,115428,92850,922932.0,10074781.44
Harrow,Almond milk,15946444,51401,114305,91658,921459.0,1592765.62
Islington,beans,16571437,53678,119812,94001,967941.0,968631.9
Islington,oxford shoes,16541057,53240,119006,93417,967901.0,489290319.36
Islington,classic bowtie,16593310,52988,120037,93620,967352.0,21124934.88
Islington,fresh turkey steak,16553086,53275,119978,93824,965544.0,1317361.74
Islington,21 day mature sirlion steak,16563750,53369,118881,93171,963882.0,2985048.6
Islington,wellington boots,16033117,51179,116187,89904,924245.0,20169256.8
Islington,fresh whole turkey,15940412,50866,115743,90480,922894.0,1426847.55
Islington,hp dv 2000 laptop,16040814,51474,115281,91466,922056.0,1088903400.0
Islington,scottish salmon,16011224,51178,115381,91870,920461.0,3350306.08
Islington,beef sausages,15982801,51462,115297,90539,919279.0,2088857.35
Hackney,vanilla yoghurt,15330201,48907,107845,88625,902730.0,831730.1
Hackney,brenton jumper,15388993,49453,108546,87486,901104.0,44044219.0
Hackney,grey blazers,15293917,48624,107401,87678,899632.0,28189006.96
Hackney,silk scarf,15410814,49205,109675,88487,896658.0,110681491.52
Hackney,cod fillets,15245735,48528,106923,87634,894765.0,1650120.2
Hackney,Almond milk,14596375,47025,103486,83663,850878.0,1489428.84
Hackney,gaming keyboard,14693140,47205,103029,83613,850189.0,54858489.0
Hackney,scottish salmon,14650775,46281,102430,83217,849921.0,3133979.52
Hackney,chicken sausages,14569940,46408,103148,82608,845216.0,1557204.8
Hackney,fresh whole chicken,14449783,45990,103108,82440,834718.0,1078549.23
Larne,flapjack,18062135,58507,127631,101970,1057779.0,951357.08
Larne,bosch washing machine,18037285,58126,130609,103360,1053472.0,189161240.0
Larne,apple macbook air mid 2009,18024152,58247,129476,103859,1049105.0,1794434214.0
Larne,wristwatch,17977482,58088,128874,102405,1046158.0,31991333.04
Larne,brenton t-shirt,17898784,57482,128104,101527,1045798.0,52676672.16
Larne,Oats Milk,17318660,56060,124426,98335,998050.0,1706042.51
Larne,grey cardigan,17445594,56048,123291,99965,997800.0,17951834.0
Larne,Lemon,17324593,55483,123990,98535,994276.0,268097.73
Larne,silk scarf,17397007,56320,124661,99122,992866.0,119677680.68
Larne,Almond milk,17149352,55470,123147,96724,991126.0,1694593.24
Belfast,linen trousers,16791164,54416,122095,95231,982510.0,20576621.56
Belfast,x-box 360,16809646,54313,123341,94011,981326.0,205650829.2
Belfast,minecraft game - xbox,16799243,54358,122280,96766,981040.0,8930631.8
Belfast,gameboy advance,16843803,53848,124274,95349,977808.0,137941899.7
Belfast,Organic Kefir,16585437,53497,121352,94058,975811.0,1154591.38
Belfast,pokemon gold,16182168,52024,117951,91335,932921.0,10180897.92
Belfast,cotton tie,16299078,52913,119218,92517,931175.0,105028833.28
Belfast,scottish salmon,16220826,52418,120577,92319,929632.0,3386683.6
Belfast,pokemon red,16162127,52130,118063,91640,927883.0,9281619.16
Belfast,samsung washing machine,16009429,51818,116729,90727,927666.0,126686400.0
Armagh,diced chicken breast,14962713,48378,108906,84135,880055.0,2427138.54
Armagh,dual shock controller,15186240,49360,110586,86474,879537.0,40431059.0
Armagh,organic raspberry yoghurt,14885609,48407,108228,84672,874206.0,1123368.94
Armagh,fresh whole turkey,14938368,48523,108637,85213,869844.0,1359871.61
Armagh,pokemon red,14952618,48530,107782,84601,868000.0,8781178.12
Armagh,unsalted butter,14426514,47221,104760,81969,830074.0,763821.32
Armagh,denim jacket,14416435,47281,104627,81567,829081.0,37373764.12
Armagh,British baking potatoes loose,14424076,47001,104423,81222,828801.0,631681.86
Armagh,linen trousers,14224951,45872,103691,81094,828695.0,17540938.04
Armagh,rice,14228525,46588,102750,82290,827254.0,760519.32
Ballymoney,garlic,15341620,49093,109252,87454,895942.0,205987.4
Ballymoney,fresh whole chicken,15210510,49151,106262,86638,884539.0,1138305.91
Ballymoney,Blueberry yoghurt,14976466,48261,105483,85856,883952.0,893892.47
Ballymoney,beans,15317584,49585,108223,87894,881598.0,892709.09
Ballymoney,diced chicken breast,15013031,48556,106925,85883,880191.0,2427859.08
Ballymoney,Lemon,14372504,46563,101768,81960,835453.0,230889.09
Ballymoney,aubergine,14577380,46896,103105,83339,833929.0,528862.74
Ballymoney,oxford shoes,14446193,46569,102072,82550,833389.0,425839621.6
Ballymoney,pokemon yellow,14200589,45858,102222,81670,831705.0,11472972.6
Ballymoney,vanilla yoghurt,14345740,46418,101806,80945,830622.0,763259.22
Lichfield,minecraft game - xbox,18308886,58473,132010,105607,1066085.0,9608876.4
Lichfield,linen trousers,18132277,58266,131399,104152,1062565.0,21960498.9
Lichfield,linen shirt,18256527,58959,130307,105377,1057807.0,117270374.64
Lichfield,Spring onions bunch,18185489,58111,131648,103733,1057644.0,352458.73
Lichfield,british fresh turkey mince,18070724,57876,128001,104804,1056099.0,1141271.64
Lichfield,denim jeams,17712005,57149,126162,101118,1013993.0,27379912.8
Lichfield,organic soured cream,17488249,55855,125436,100761,1013526.0,912604.74
Lichfield,millionaire square,17574790,56704,127172,101637,1013235.0,1824481.4
Lichfield,mature cheddar cheese,17510729,56092,124787,100649,1003739.0,2170496.97
Lichfield,celery,17350843,55532,122510,98607,996580.0,376484.18
Staffordshire,Almond milk,18502341,59591,134643,105011,1086202.0,1860653.25
Staffordshire,hp dv 3000 laptop,18447083,59466,133377,104303,1084916.0,1367041788.0
Staffordshire,easy peeler loose,18376902,59379,132723,103291,1082863.0,1900218.32
Staffordshire,Organic mILK,18522017,59640,134391,105127,1082107.0,1461946.65
Staffordshire,dual shock controller,18409409,58942,133696,104608,1078723.0,48575781.0
Staffordshire,oxford shoes,17641647,57306,128518,99626,1026340.0,514340910.48
Staffordshire,silk tie,17706873,57225,128467,100915,1025690.0,12042225.0
Staffordshire,red velvet cake,17788697,57559,127747,101001,1024045.0,1845235.0
Staffordshire,chocolate fudge cake,17804924,57397,128576,101391,1022640.0,1841795.92
Staffordshire,gaming keyboard,17730012,56625,128275,100866,1022407.0,64420935.6
Stoke-on-Trent,mature cheddar cheese,18548212,60143,135163,106094,1090179.0,2355583.32
Stoke-on-Trent,british bramley cooking apples,18656984,60666,136396,105983,1088382.0,1724562.56
Stoke-on-Trent,british fresh turkey mince,18402780,59604,134467,105040,1081126.0,1167318.77
Stoke-on-Trent,dyson washing machine,18367114,60008,133402,104611,1081016.0,292113774.0
Stoke-on-Trent,Sweet potatoes loose,18481459,59439,135535,106484,1080637.0,1069116.87
Stoke-on-Trent,sea bass fillets,17862965,57835,129728,102595,1031217.0,2598684.87
Stoke-on-Trent,dual shock controller,17824739,58310,130934,101828,1030451.0,46387764.0
Stoke-on-Trent,21 day mature sirlion steak,17532429,57221,128806,100473,1026183.0,3141991.35
Stoke-on-Trent,red velvet cake,17859027,58083,131637,102334,1023918.0,1841961.68
Stoke-on-Trent,classic bowtie,17675906,57316,128023,100872,1022494.0,22097416.32
Warwickshire,macaron - x3,18560200,60504,135088,105971,1089030.0,2940406.2
Warwickshire,minecraft game - xbox,18589821,59666,134359,107795,1080269.0,9706941.4
Warwickshire,mature cheddar cheese,18372716,59031,133378,105874,1079866.0,2332384.27
Warwickshire,brenton jumper,18620268,60284,135427,107852,1078520.0,51359643.64
Warwickshire,gaming mouse,18430844,59753,133918,106901,1077565.0,72716107.5
Warwickshire,lg washing machine,17848471,57724,130306,102129,1034281.0,93009250.0
Warwickshire,rice,17755868,57521,128802,101688,1031747.0,928324.16
Warwickshire,british parsnips loose,17719937,57267,129202,101233,1028380.0,777653.24
Warwickshire,croisant ,17904993,57584,129978,102456,1026343.0,924000.92
Warwickshire,organic raspberry yoghurt,17695806,56961,129247,102652,1024044.0,1291063.92
Rugby,Organic mILK,15124264,48863,108201,85753,884970.0,1222082.91
Rugby,pain au raisins,14936440,48133,105211,85080,872155.0,401166.14
Rugby,gaming mouse,14854059,48155,107613,84742,870622.0,60135552.0
Rugby,garlic,14867973,48789,105436,83231,869581.0,199947.68
Rugby,olive oil spread,14882336,48204,106671,83956,868063.0,1438596.29
Rugby,21 day mature sirlion steak,14424450,46432,102783,81310,832017.0,2602136.65
Rugby,shortbread,14388064,46930,102798,81931,831801.0,764854.58
Rugby,almond croisant,14378084,46655,102376,81457,831209.0,764822.9
Rugby,courgette loose,14436670,46700,103640,81446,830524.0,1528244.92
Rugby,millionaire square,14523846,46945,103360,81569,830140.0,1530047.68
Worcestershire,british fresh chicken thigh fillets,15610009,50243,110600,88866,902222.0,1993744.18
Worcestershire,british fresh chicken brest fillets,15371894,49636,110368,87052,893474.0,1890276.35
Worcestershire,beef sausages,15174165,48718,107868,85877,892263.0,2051647.3
Worcestershire,chocolate twist,15241102,49018,107345,87129,890064.0,819093.02
Worcestershire,british parsnips loose,15210619,48599,110153,86611,889266.0,686906.07
Worcestershire,easy peeler loose,14563571,46774,105124,83225,843131.0,1512978.26
Worcestershire,almond croisant,14710984,47353,105672,83400,837244.0,770685.92
Worcestershire,pokemon red,14573785,46575,103919,82868,835379.0,8461388.32
Worcestershire,gameboy color,14599942,47392,105477,82491,832993.0,111199690.9
Worcestershire,British carrots loose,14527281,46516,104789,82081,830941.0,305847.22
North Ayrshire,aubergine,18570808,60183,133943,106265,1083103.0,673280.73
North Ayrshire,oxford shoes,18568852,59537,133060,106977,1082638.0,542454260.96
North Ayrshire,brenton jumper,18478596,59837,132621,105431,1082262.0,51791031.84
North Ayrshire,21 day mature rump steak,18514306,60299,131872,107386,1081459.0,3118621.2
North Ayrshire,dell inspiron laptop,18464248,58865,130855,106854,1080294.0,1607894211.0
North Ayrshire,fresh whole chicken,17849835,57537,127088,102811,1027264.0,1297432.1
North Ayrshire,hp envy laptop,17851707,57883,128286,103499,1026351.0,1480011648.0
North Ayrshire,organic soured cream,17679941,57570,123862,101669,1024759.0,923438.24
North Ayrshire,corned beef,17704536,57253,126210,100868,1023242.0,2029981.52
North Ayrshire,bosch washing machine,17740592,57481,126284,103000,1022261.0,184310152.0
Orkney,Organic mILK,18544267,60058,132879,106607,1073685.0,1449163.38
Orkney,white shirt,18346622,59618,129082,105404,1070746.0,225457867.44
Orkney,british fresh chicken brest fillets,18243895,58465,129044,105442,1068804.0,2212635.79
Orkney,beans,18327173,59318,129557,105544,1068256.0,1059782.35
Orkney,cotton tie,18268063,58720,129685,103727,1067854.0,119180137.36
Orkney,Slightly salted butter,17852849,57081,126090,101844,1028302.0,925208.32
Orkney,gameboy advance,17733031,57164,125918,102525,1028090.0,143755376.2
Orkney,salmon fillets,17607450,56873,124280,100927,1024701.0,2120961.71
Orkney,pink blazers,17707881,56405,125243,101767,1019581.0,45880271.0
Orkney,Sweet potatoes loose,17514594,56246,123202,100841,1010559.0,1001839.19
Peeblesshire,rice,18154562,58953,131611,104788,1063766.0,955392.58
Peeblesshire,Onions Loose,18250533,59184,131804,104491,1062798.0,813944.72
Peeblesshire,oxford shoes,18215336,58733,129980,104418,1060633.0,530488273.6
Peeblesshire,hotpoint washing machine,18096383,58146,130179,102916,1060596.0,76302670.4
Peeblesshire,unsalted butter,18261749,58418,131677,103368,1059967.0,953276.06
Peeblesshire,Almond milk,17546786,56848,127266,100211,1011780.0,1731192.23
Peeblesshire,classic bowtie,17485529,56210,127113,100624,1009096.0,21763651.2
Peeblesshire,flapjack,17359430,56385,125591,99689,1007126.0,906990.22
Peeblesshire,custard doughnut,17447671,56294,124959,99004,1005044.0,903436.5
Peeblesshire,large king prawns,17330192,56555,124685,98992,1003969.0,3608145.84
Dumfries and Galloway,fresh whole turkey,16718343,54266,122667,96614,986057.0,1525576.49
Dumfries and Galloway,silk tie,17075560,55164,125352,97214,980705.0,11604425.82
Dumfries and Galloway,play station 3,16660028,54372,121478,95728,978690.0,177942784.0
Dumfries and Galloway,vanilla yoghurt,16613471,53844,120527,95117,976300.0,887898.16
Dumfries and Galloway,silk scarf,16611312,54253,122253,95434,971405.0,118331701.6
Dumfries and Galloway,mature cheddar cheese,16119823,52527,118044,92396,933745.0,2039377.25
Dumfries and Galloway,free range large eggs x12,16089519,51923,118284,93350,932537.0,1271652.51
Dumfries and Galloway,aubergine,16039328,52105,117452,92281,929672.0,583849.81
Dumfries and Galloway,british bramley cooking apples,16224597,52816,117732,93303,928007.0,1485271.76
Dumfries and Galloway,pokemon blue,16275155,52784,118816,92919,924693.0,10104642.72
Falkirk,large king prawns,16754752,54269,119653,95153,983745.0,3580168.56
Falkirk,Sweet potatoes loose,16670997,53296,120064,94867,977648.0,981204.77
Falkirk,brenton t-shirt,16754648,54559,120485,94553,975521.0,49703769.92
Falkirk,Spring onions bunch,16613954,53781,118578,94597,971843.0,327339.79
Falkirk,corned beef,16503234,53561,117998,94166,971749.0,1946621.27
Falkirk,pink blazers,16073392,52131,115859,91876,929520.0,42277952.0
Falkirk,hotpoint washing machine,16075874,51750,114959,89959,928434.0,67638169.6
Falkirk,celery,16037404,51804,115382,92704,928246.0,354874.08
Falkirk,british fresh chicken brest fillets,16025774,51917,114243,90915,925794.0,1941528.15
Falkirk,hp dv 2000 laptop,16067593,51765,115114,92963,922295.0,1091623364.0
East Dunbartonshire,british fresh turkey mince,15387832,49642,109291,88093,891197.0,983495.55
East Dunbartonshire,baby potatoes,15053414,48376,106835,85248,885188.0,733123.31
East Dunbartonshire,chicken sausages,15008938,48760,105998,85845,881389.0,1621124.2
East Dunbartonshire,custard doughnut,15172012,49076,108116,86878,880444.0,809240.76
East Dunbartonshire,cotton tie,15206408,48834,106498,87043,880375.0,100351645.04
East Dunbartonshire,almond croisant,14585641,47491,103153,83824,838082.0,770604.88
East Dunbartonshire,hotpoint washing machine,14458418,46335,102238,82662,834030.0,61320601.6
East Dunbartonshire,linen trousers,14446434,46218,102809,81948,832670.0,17606964.14
East Dunbartonshire,flapjack,14317289,46330,100627,82889,830359.0,763752.48
East Dunbartonshire,british parsnips loose,14194379,45389,100323,80899,819498.0,632904.1
Edinburgh City,goat cheese,15047515,48202,109069,86450,878241.0,1455332.67
Edinburgh City,hotpoint washing machine,14914623,47674,106766,84720,874631.0,64463249.6
Edinburgh City,oxford shoes,14971051,48580,107768,85473,874145.0,447508987.68
Edinburgh City,courgette loose,14991275,48400,107479,85343,873988.0,1608932.56
Edinburgh City,beans,14993197,47459,108417,85421,873056.0,884226.0
Edinburgh City,lg washing machine,14394764,45698,104051,82296,830433.0,76531476.0
Edinburgh City,dual shock controller,14515223,46761,105002,82699,829397.0,38202955.0
Edinburgh City,rice,14430721,46342,104956,82311,829302.0,763717.68
Edinburgh City,macaron - x3,14420759,46172,104242,82527,826834.0,2285327.52
Edinburgh City,beef mince,14303467,46330,103851,82708,821143.0,2265282.3
Glasgow City,blue stilton cheese,15214071,49045,109132,87136,897717.0,1649930.24
Glasgow City,pokemon yellow,15222699,49496,110850,88162,891523.0,12300255.6
Glasgow City,21 day mature ribeye steak,15135384,49042,108062,85726,886095.0,2846885.44
Glasgow City,Red pepper,15123980,48948,108883,86517,881532.0,340620.2
Glasgow City,Slightly salted butter,15071319,48441,109056,86789,881511.0,810953.36
Glasgow City,rice,14601597,47292,104965,84440,843023.0,775203.74
Glasgow City,sea bass fillets,14573288,46953,105342,83329,841337.0,2165518.91
Glasgow City,flapjack,14705926,47449,105537,84896,839239.0,770932.82
Glasgow City,jam doughnut,14627997,47106,106373,84817,829808.0,763200.62
Glasgow City,Organic mILK,14349828,46495,104971,82750,826684.0,1139980.98
North Yorkshire,21 day mature rump steak,35617576,116054,255851,202810,2071268.0,5996711.09
North Yorkshire,gameboy color,35065291,113777,251924,198397,2069931.0,271709891.4
North Yorkshire,corned beef,35385376,114593,254853,204121,2066254.0,4113932.01
North Yorkshire,british bramley cooking apples,35393402,114941,253727,200973,2066239.0,3288965.81
North Yorkshire,diced vernison,35182353,113943,253054,200241,2059728.0,5592157.02
North Yorkshire,wellington boots,34452745,112448,248500,196768,1991106.0,43260381.6
North Yorkshire,flapjack,34446339,111472,246709,197418,1986733.0,1797070.24
North Yorkshire,Sweet potatoes loose,34488783,111499,247444,198305,1985353.0,1976267.96
North Yorkshire,british parsnips loose,34093930,110643,245636,194909,1971964.0,1499626.37
North Yorkshire,Red pepper,34323454,110829,248533,194775,1969885.0,748500.02
Richmondshire,croisant ,18519718,59412,134402,105175,1087503.0,979261.78
Richmondshire,beef mince,18509384,59792,135104,105527,1084693.0,2927159.1
Richmondshire,mild cheddar cheese,18613823,59498,136646,107290,1083307.0,2143871.51
Richmondshire,pokemon yellow,18531338,59191,134547,106547,1082676.0,14589729.0
Richmondshire,british parsnips loose,18519778,59112,136340,105757,1081835.0,817688.89
Richmondshire,vernison sausages,17773831,57359,128661,102391,1030673.0,2778535.5
Richmondshire,fresh whole chicken,17667446,56716,129056,101790,1030504.0,1297620.94
Richmondshire,mature cheddar cheese,17699156,56530,127953,100870,1030274.0,2223196.88
Richmondshire,silk tie,17775437,56985,130525,101289,1024489.0,11966939.4
Richmondshire,british bramley cooking apples,17643321,57150,129041,99896,1009634.0,1598223.11
Selby,lg washing machine,15241285,49174,109704,87551,891295.0,82020578.0
Selby,chocolate fudge cake,15183476,48669,110511,86949,890699.0,1643218.56
Selby,almond croisant,15299416,49068,110329,89123,887371.0,816600.14
Selby,Red pepper,15076055,48817,107516,86093,885961.0,342902.09
Selby,play station 3,15166821,48855,108056,86001,885726.0,163287072.0
Selby,easy peeler loose,14817890,47986,105588,85420,846067.0,1517614.8
Selby,shortbread,14559709,46877,104193,83806,846032.0,779196.9
Selby,oxford shoes,14650342,47196,105481,83888,845972.0,432603061.36
Selby,macaron - x3,14636204,46544,104979,84031,843878.0,2329812.06
Selby,fine beans,14442835,46781,104705,81801,843858.0,776806.66
York,classic bowtie,15274851,48985,110446,88501,891679.0,19684584.0
York,british fresh turkey mince,15109850,48391,108847,87187,887180.0,978433.72
York,rice,15085670,48539,107045,87817,885300.0,814270.2
York,free range large eggs x12,15224375,48855,108855,88317,884648.0,1219261.74
York,sea bass fillets,14922352,48067,107729,86752,883057.0,2275454.24
York,apple macbook air mid 2009,14675931,47507,104758,85039,842733.0,1471046196.0
York,silk scarf,14611656,46758,103068,84287,842331.0,103747731.2
York,silk tie,14685892,47501,105025,84173,841720.0,10039631.68
York,Lemon,14764492,47870,106897,85547,841151.0,231624.18
York,Blueberry yoghurt,14569345,46699,104959,84450,837630.0,847181.01
Tyne and Wear,pokemon blue,18556526,59931,131917,106282,1091294.0,11796903.36
Tyne and Wear,21 day mature ribeye steak,18499775,59608,131830,105853,1088755.0,3427612.44
Tyne and Wear,goat cheese,18435230,60078,130553,105510,1080378.0,1750441.86
Tyne and Wear,Mixed pepper,18334381,59159,131278,105002,1079665.0,1068365.67
Tyne and Wear,celery,18316291,59280,130677,105015,1076390.0,406815.99
Tyne and Wear,dyson tower fan,17780065,57550,125747,102065,1035528.0,465614230.0
Tyne and Wear,Fairtrade Bananas Loose,17955803,57032,125990,103788,1034873.0,735913.8
Tyne and Wear,pokemon yellow,17750518,57427,125980,100588,1030795.0,13928377.8
Tyne and Wear,god of war 2,17762750,57184,126508,100538,1029513.0,18547368.8
Tyne and Wear,corn,17663868,56813,124969,100510,1016950.0,733187.01
Darlington,blue stilton cheese,15327584,49191,111083,87753,893201.0,1643174.32
Darlington,semi skimmed milk,15232989,48652,110937,88773,891923.0,1396823.75
Darlington,bosch washing machine,15347924,49222,110781,89148,891537.0,164079540.0
Darlington,beef sausages,15047806,48323,108447,86334,889615.0,2049242.05
Darlington,British carrots loose,15241390,48538,110403,86918,889121.0,327603.74
Darlington,Sweet potatoes loose,14715041,47369,105964,85214,846559.0,857455.78
Darlington,goat cheese,14696577,46824,108557,84430,845575.0,1400057.58
Darlington,organic soured cream,14713018,47352,106560,85133,844728.0,777986.14
Darlington,raspberries,14519477,46500,104583,83860,839314.0,1740069.27
Darlington,21 day mature sirlion steak,14503602,46650,104921,83826,837831.0,2624654.01
Stockton-on-Tees,pink blazers,15319398,49574,109598,87880,899727.0,41371604.0
Stockton-on-Tees,pokemon blue,15373660,49137,110942,87336,897137.0,9898843.44
Stockton-on-Tees,dyson washing machine,15442121,49149,112251,87686,896748.0,247169502.0
Stockton-on-Tees,blue stilton cheese,15270754,49450,110861,86995,896320.0,1648179.0
Stockton-on-Tees,silk tie,15220435,49299,110718,87219,894152.0,10683065.9
Stockton-on-Tees,Organic mILK,14819046,47470,106863,84811,849746.0,1171098.48
Stockton-on-Tees,hp dv 3000 laptop,14801101,47485,106152,83379,849649.0,1092213444.0
Stockton-on-Tees,Brocolli loose,14760501,47441,107993,85504,848572.0,1021411.59
Stockton-on-Tees,macaron - x3,14553194,46375,105530,82075,845646.0,2331762.9
Stockton-on-Tees,gaming keyboard,14702150,47154,106100,83747,844786.0,54332357.8
